id,name,category,tid,info_tid,subtitle_tid,build_cost,hit_points,width,height,build_time_d,build_time_h,build_time_m,build_time_s,requier_town_hall_level,max_stored_resource,produces_resource,resource_per_hour,resource_max
1,HQ,TownHall,TID_BUILDING_PALACE,TID_PALACE_INFO,TID_PALACE_SUBTITLE,"50,0,0",10000,4,4,0,0,1,0,,"3000,2000,0,0",,,
2,HQ,TownHall,TID_BUILDING_PALACE,TID_PALACE_INFO,TID_PALACE_SUBTITLE,"600,0,0",11000,4,4,0,0,5,0,,"3000,2000,0,0",,,
3,HQ,TownHall,TID_BUILDING_PALACE,TID_PALACE_INFO,TID_PALACE_SUBTITLE,"1900,0,0",12000,4,4,0,1,0,0,,"3000,2000,0,0",,,
4,HQ,TownHall,TID_BUILDING_PALACE,TID_PALACE_INFO,TID_PALACE_SUBTITLE,"5900,0,0",14000,4,4,0,2,0,0,,"3000,2000,0,0",,,
5,HQ,TownHall,TID_BUILDING_PALACE,TID_PALACE_INFO,TID_PALACE_SUBTITLE,"13000,0,0",16000,4,4,0,5,0,0,,"3000,2000,0,0",,,
6,HQ,TownHall,TID_BUILDING_PALACE,TID_PALACE_INFO,TID_PALACE_SUBTITLE,"25000,0,0",18000,4,4,0,6,0,0,,"3000,2000,2000,0",,,
7,HQ,TownHall,TID_BUILDING_PALACE,TID_PALACE_INFO,TID_PALACE_SUBTITLE,"33000,5800,0",20000,4,4,0,7,0,0,,"3000,2000,2000,0",,,
8,HQ,TownHall,TID_BUILDING_PALACE,TID_PALACE_INFO,TID_PALACE_SUBTITLE,"49000,9800,0",23000,4,4,0,8,0,0,,"3000,2000,2000,0",,,
9,HQ,TownHall,TID_BUILDING_PALACE,TID_PALACE_INFO,TID_PALACE_SUBTITLE,"81000,17800,0",26000,4,4,0,12,0,0,,"3000,2000,2000,2000",,,
10,HQ,TownHall,TID_BUILDING_PALACE,TID_PALACE_INFO,TID_PALACE_SUBTITLE,"126000,30000,8000",29000,4,4,0,14,0,0,,"3000,2000,2000,2000",,,
11,HQ,TownHall,TID_BUILDING_PALACE,TID_PALACE_INFO,TID_PALACE_SUBTITLE,"197000,50000,16000",33000,4,4,0,18,0,0,,"3000,2000,2000,2000",,,
12,HQ,TownHall,TID_BUILDING_PALACE,TID_PALACE_INFO,TID_PALACE_SUBTITLE,"268000,97000,28000",38000,4,4,0,20,0,0,,"3000,2000,2000,2000",,,
13,HQ,TownHall,TID_BUILDING_PALACE,TID_PALACE_INFO,TID_PALACE_SUBTITLE,"400000,189000,50000",43000,4,4,1,2,0,0,,"3000,2000,2000,2000",,,
14,HQ,TownHall,TID_BUILDING_PALACE,TID_PALACE_INFO,TID_PALACE_SUBTITLE,"570000,340000,97000",48000,4,4,1,12,0,0,,"3000,2000,2000,2000",,,
15,HQ,TownHall,TID_BUILDING_PALACE,TID_PALACE_INFO,TID_PALACE_SUBTITLE,"790000,690000,189000",55000,4,4,2,0,0,0,,"3000,2000,2000,2000",,,
16,HQ,TownHall,TID_BUILDING_PALACE,TID_PALACE_INFO,TID_PALACE_SUBTITLE,"1350000,1020000,370000",62000,4,4,2,14,0,0,,"3000,2000,2000,2000",,,
17,HQ,TownHall,TID_BUILDING_PALACE,TID_PALACE_INFO,TID_PALACE_SUBTITLE,"1900000,1700000,740000",70000,4,4,2,20,0,0,,"3000,2000,2000,2000",,,
18,HQ,TownHall,TID_BUILDING_PALACE,TID_PALACE_INFO,TID_PALACE_SUBTITLE,"2690000,2220000,1410000",80000,4,4,3,0,0,0,,"3000,2000,2000,2000",,,
19,HQ,TownHall,TID_BUILDING_PALACE,TID_PALACE_INFO,TID_PALACE_SUBTITLE,"3300000,3000000,1970000",90000,4,4,3,4,0,0,,"3000,2000,2000,2000",,,
20,HQ,TownHall,TID_BUILDING_PALACE,TID_PALACE_INFO,TID_PALACE_SUBTITLE,"3700000,3600000,2830000",100000,4,4,3,12,0,0,,"3000,2000,2000,2000",,,
21,Housing,Resource,TID_BUILDING_HOUSING,TID_HOUSING_INFO,TID_HOUSING_SUBTITLE,"150,0,0",1000,2,2,0,0,2,0,1,,Resource1,120,500
22,Housing,Resource,TID_BUILDING_HOUSING,TID_HOUSING_INFO,TID_HOUSING_SUBTITLE,"350,0,0",1200,2,2,0,0,5,0,1,,Resource1,210,1450
23,Housing,Resource,TID_BUILDING_HOUSING,TID_HOUSING_INFO,TID_HOUSING_SUBTITLE,"1140,0,0",1400,2,2,0,0,45,0,2,,Resource1,360,3500
24,Housing,Resource,TID_BUILDING_HOUSING,TID_HOUSING_INFO,TID_HOUSING_SUBTITLE,"3800,0,0",1700,2,2,0,1,45,0,3,,Resource1,590,7500
25,Housing,Resource,TID_BUILDING_HOUSING,TID_HOUSING_INFO,TID_HOUSING_SUBTITLE,"7800,0,0",2000,2,2,0,2,15,0,4,,Resource1,900,14700
26,Housing,Resource,TID_BUILDING_HOUSING,TID_HOUSING_INFO,TID_HOUSING_SUBTITLE,"19800,3500,0",2400,2,2,0,3,30,0,6,,Resource1,1300,26800
27,Housing,Resource,TID_BUILDING_HOUSING,TID_HOUSING_INFO,TID_HOUSING_SUBTITLE,"57000,13500,3600",2900,2,2,0,5,0,0,9,,Resource1,1800,45000
28,Housing,Resource,TID_BUILDING_HOUSING,TID_HOUSING_INFO,TID_HOUSING_SUBTITLE,"227000,136000,39000",3500,2,2,0,10,0,0,13,,Resource1,2400,70000
29,Housing,Resource,TID_BUILDING_HOUSING,TID_HOUSING_INFO,TID_HOUSING_SUBTITLE,"760000,680000,298000",4200,2,2,1,0,0,0,16,,Resource1,3000,100000
30,Housing,Resource,TID_BUILDING_HOUSING,TID_HOUSING_INFO,TID_HOUSING_SUBTITLE,"1480000,1440000,1130000",5000,2,2,1,6,0,0,19,,Resource1,3500,130000
31,Woodcutters Hut,Misc,TID_BUILDING_WOODCUTTER,TID_WOODCUTTERS_HUT_INFO,TID_WOODCUTTERS_HUT_SUBTITLE,"50,0,0",1500,4,4,0,0,5,0,1,,Resource2,120,500
32,Woodcutters Hut,Misc,TID_BUILDING_WOODCUTTER,TID_WOODCUTTERS_HUT_INFO,TID_WOODCUTTERS_HUT_SUBTITLE,"200,0,0",1800,4,4,0,0,5,0,1,,Resource2,210,1450
33,Woodcutters Hut,Misc,TID_BUILDING_WOODCUTTER,TID_WOODCUTTERS_HUT_INFO,TID_WOODCUTTERS_HUT_SUBTITLE,"600,0,0",2200,4,4,0,0,30,0,2,,Resource2,360,3500
34,Woodcutters Hut,Misc,TID_BUILDING_WOODCUTTER,TID_WOODCUTTERS_HUT_INFO,TID_WOODCUTTERS_HUT_SUBTITLE,"3500,0,0",2600,4,4,0,1,45,0,3,,Resource2,580,7500
35,Woodcutters Hut,Misc,TID_BUILDING_WOODCUTTER,TID_WOODCUTTERS_HUT_INFO,TID_WOODCUTTERS_HUT_SUBTITLE,"10000,0,0",3100,4,4,0,2,30,0,5,,Resource2,900,14700
36,Woodcutters Hut,Misc,TID_BUILDING_WOODCUTTER,TID_WOODCUTTERS_HUT_INFO,TID_WOODCUTTERS_HUT_SUBTITLE,"0,9300,0",3700,4,4,0,6,0,0,7,,Resource2,1320,26800
37,Woodcutters Hut,Misc,TID_BUILDING_WOODCUTTER,TID_WOODCUTTERS_HUT_INFO,TID_WOODCUTTERS_HUT_SUBTITLE,"0,21000,5600",4400,4,4,0,8,0,0,9,,Resource2,1800,45000
38,Woodcutters Hut,Misc,TID_BUILDING_WOODCUTTER,TID_WOODCUTTERS_HUT_INFO,TID_WOODCUTTERS_HUT_SUBTITLE,"0,95000,24800",5300,4,4,0,12,0,0,12,,Resource2,2400,70000
39,Woodcutters Hut,Misc,TID_BUILDING_WOODCUTTER,TID_WOODCUTTERS_HUT_INFO,TID_WOODCUTTERS_HUT_SUBTITLE,"0,410000,149000",6300,4,4,0,20,0,0,15,,Resource2,3000,100000
40,Woodcutters Hut,Misc,TID_BUILDING_WOODCUTTER,TID_WOODCUTTERS_HUT_INFO,TID_WOODCUTTERS_HUT_SUBTITLE,"0,670000,420000",7500,4,4,1,2,0,0,17,,Resource2,3500,130000
41,Stone Quarry,Resource,TID_BUILDING_STONE_QUARRY,TID_STONE_QUARRY_INFO,TID_STONE_QUARRY_SUBTITLE,"9800,0,0",1500,4,4,0,1,15,0,7,,Resource3,120,500
42,Stone Quarry,Resource,TID_BUILDING_STONE_QUARRY,TID_STONE_QUARRY_INFO,TID_STONE_QUARRY_SUBTITLE,"20300,0,0",1800,4,4,0,3,30,0,8,,Resource3,210,1450
43,Stone Quarry,Resource,TID_BUILDING_STONE_QUARRY,TID_STONE_QUARRY_INFO,TID_STONE_QUARRY_SUBTITLE,"31500,0,2000",2200,4,4,0,6,0,0,9,,Resource3,360,3500
44,Stone Quarry,Resource,TID_BUILDING_STONE_QUARRY,TID_STONE_QUARRY_INFO,TID_STONE_QUARRY_SUBTITLE,"59000,0,4800",2600,4,4,0,7,0,0,10,,Resource3,580,7500
45,Stone Quarry,Resource,TID_BUILDING_STONE_QUARRY,TID_STONE_QUARRY_INFO,TID_STONE_QUARRY_SUBTITLE,"80000,0,8400",3100,4,4,0,8,0,0,11,,Resource3,900,14700
46,Stone Quarry,Resource,TID_BUILDING_STONE_QUARRY,TID_STONE_QUARRY_INFO,TID_STONE_QUARRY_SUBTITLE,"121000,0,14900",3700,4,4,0,8,0,0,12,,Resource3,1320,26800
47,Stone Quarry,Resource,TID_BUILDING_STONE_QUARRY,TID_STONE_QUARRY_INFO,TID_STONE_QUARRY_SUBTITLE,"170000,0,29100",4400,4,4,0,12,0,0,13,,Resource3,1800,45000
48,Stone Quarry,Resource,TID_BUILDING_STONE_QUARRY,TID_STONE_QUARRY_INFO,TID_STONE_QUARRY_SUBTITLE,"236000,0,57000",5300,4,4,0,14,0,0,14,,Resource3,2400,70000
49,Stone Quarry,Resource,TID_BUILDING_STONE_QUARRY,TID_STONE_QUARRY_INFO,TID_STONE_QUARRY_SUBTITLE,"570000,0,223000",6300,4,4,0,20,0,0,16,,Resource3,3000,100000
50,Stone Quarry,Resource,TID_BUILDING_STONE_QUARRY,TID_STONE_QUARRY_INFO,TID_STONE_QUARRY_SUBTITLE,"990000,0,590000",7500,4,4,1,4,0,0,18,,Resource3,3500,130000
51,Metal Mine,Resource,TID_BUILDING_METAL_MINE,TID_METAL_MINE_INFO,TID_METAL_MINE_SUBTITLE,"39000,9900,0",1500,4,4,0,4,0,0,10,,Resource4,120,500
52,Metal Mine,Resource,TID_BUILDING_METAL_MINE,TID_METAL_MINE_INFO,TID_METAL_MINE_SUBTITLE,"126000,33000,0",1800,4,4,0,7,0,0,11,,Resource4,210,1450
53,Metal Mine,Resource,TID_BUILDING_METAL_MINE,TID_METAL_MINE_INFO,TID_METAL_MINE_SUBTITLE,"126000,63000,0",2200,4,4,0,10,0,0,12,,Resource4,360,3500
54,Metal Mine,Resource,TID_BUILDING_METAL_MINE,TID_METAL_MINE_INFO,TID_METAL_MINE_SUBTITLE,"251000,126000,0",2600,4,4,0,14,0,0,13,,Resource4,580,7500
55,Metal Mine,Resource,TID_BUILDING_METAL_MINE,TID_METAL_MINE_INFO,TID_METAL_MINE_SUBTITLE,"390000,261000,0",3100,4,4,0,18,0,0,14,,Resource4,900,14700
56,Metal Mine,Resource,TID_BUILDING_METAL_MINE,TID_METAL_MINE_INFO,TID_METAL_MINE_SUBTITLE,"810000,540000,0",3700,4,4,0,20,0,0,15,,Resource4,1320,26800
57,Metal Mine,Resource,TID_BUILDING_METAL_MINE,TID_METAL_MINE_INFO,TID_METAL_MINE_SUBTITLE,"1680000,840000,0",4400,4,4,1,0,0,0,16,,Resource4,1800,45000
58,Metal Mine,Resource,TID_BUILDING_METAL_MINE,TID_METAL_MINE_INFO,TID_METAL_MINE_SUBTITLE,"1860000,1860000,0",5300,4,4,1,2,0,0,17,,Resource4,2400,70000
59,Metal Mine,Resource,TID_BUILDING_METAL_MINE,TID_METAL_MINE_INFO,TID_METAL_MINE_SUBTITLE,"1980000,1980000,0",6300,4,4,1,4,0,0,18,,Resource4,3000,100000
60,Metal Mine,Resource,TID_BUILDING_METAL_MINE,TID_METAL_MINE_INFO,TID_METAL_MINE_SUBTITLE,"2100000,2100000,0",7500,4,4,1,10,0,0,19,,Resource4,3500,130000
61,Gold Storage,Resource,TID_BUILDING_GOLD_STORAGE,TID_GOLD_STORAGE_INFO,TID_GOLD_STORAGE_SUBTITLE,"130,0,0",1000,2,2,0,0,2,0,1,4000,,,
62,Gold Storage,Resource,TID_BUILDING_GOLD_STORAGE,TID_GOLD_STORAGE_INFO,TID_GOLD_STORAGE_SUBTITLE,"500,0,0",1200,2,2,0,0,25,0,2,8000,,,
63,Gold Storage,Resource,TID_BUILDING_GOLD_STORAGE,TID_GOLD_STORAGE_INFO,TID_GOLD_STORAGE_SUBTITLE,"4100,0,0",1400,2,2,0,2,0,0,3,16000,,,
64,Gold Storage,Resource,TID_BUILDING_GOLD_STORAGE,TID_GOLD_STORAGE_INFO,TID_GOLD_STORAGE_SUBTITLE,"10400,0,0",1700,2,2,0,3,0,0,4,32000,,,
65,Gold Storage,Resource,TID_BUILDING_GOLD_STORAGE,TID_GOLD_STORAGE_INFO,TID_GOLD_STORAGE_SUBTITLE,"20000,0,0",2000,2,2,0,4,0,0,5,64000,,,
66,Gold Storage,Resource,TID_BUILDING_GOLD_STORAGE,TID_GOLD_STORAGE_INFO,TID_GOLD_STORAGE_SUBTITLE,"26400,4600,0",2400,2,2,0,4,0,0,6,125000,,,
67,Gold Storage,Resource,TID_BUILDING_GOLD_STORAGE,TID_GOLD_STORAGE_INFO,TID_GOLD_STORAGE_SUBTITLE,"65000,14200,0",2900,2,2,0,7,0,0,8,250000,,,
68,Gold Storage,Resource,TID_BUILDING_GOLD_STORAGE,TID_GOLD_STORAGE_INFO,TID_GOLD_STORAGE_SUBTITLE,"158000,40000,12800",3500,2,2,0,12,0,0,10,500000,,,
69,Gold Storage,Resource,TID_BUILDING_GOLD_STORAGE,TID_GOLD_STORAGE_INFO,TID_GOLD_STORAGE_SUBTITLE,"450000,273000,78000",4200,2,2,0,20,0,0,13,1000000,,,
70,Gold Storage,Resource,TID_BUILDING_GOLD_STORAGE,TID_GOLD_STORAGE_INFO,TID_GOLD_STORAGE_SUBTITLE,"1080000,820000,298000",5000,2,2,1,14,0,0,15,2000000,,,
71,Wood Storage,Resource,TID_BUILDING_WOOD_STORAGE,TID_WOOD_STORAGE_INFO,TID_WOOD_STORAGE_SUBTITLE,"320,0,0",1000,2,2,0,0,2,0,2,"4000,0,0",,,
72,Wood Storage,Resource,TID_BUILDING_WOOD_STORAGE,TID_WOOD_STORAGE_INFO,TID_WOOD_STORAGE_SUBTITLE,"1300,0,0",1200,2,2,0,0,10,0,3,"8000,0,0",,,
73,Wood Storage,Resource,TID_BUILDING_WOOD_STORAGE,TID_WOOD_STORAGE_INFO,TID_WOOD_STORAGE_SUBTITLE,"3120,0,0",1400,2,2,0,1,0,0,4,"16000,0,0",,,
74,Wood Storage,Resource,TID_BUILDING_WOOD_STORAGE,TID_WOOD_STORAGE_INFO,TID_WOOD_STORAGE_SUBTITLE,"6300,0,0",1700,2,2,0,1,30,0,5,"32000,0,0",,,
75,Wood Storage,Resource,TID_BUILDING_WOOD_STORAGE,TID_WOOD_STORAGE_INFO,TID_WOOD_STORAGE_SUBTITLE,"12700,2550,0",2000,2,2,0,2,15,0,7,"64000,0,0",,,
76,Wood Storage,Resource,TID_BUILDING_WOOD_STORAGE,TID_WOOD_STORAGE_INFO,TID_WOOD_STORAGE_SUBTITLE,"34000,8100,2160",2400,2,2,0,4,0,0,9,"125000,0,0",,,
77,Wood Storage,Resource,TID_BUILDING_WOOD_STORAGE,TID_WOOD_STORAGE_INFO,TID_WOOD_STORAGE_SUBTITLE,"75000,27200,7800",2900,2,2,0,6,0,0,11,"250000,0,0",,,
78,Wood Storage,Resource,TID_BUILDING_WOOD_STORAGE,TID_WOOD_STORAGE_INFO,TID_WOOD_STORAGE_SUBTITLE,"164000,99000,28100",3500,2,2,0,10,0,0,13,"500000,0,0",,,
79,Wood Storage,Resource,TID_BUILDING_WOOD_STORAGE,TID_WOOD_STORAGE_INFO,TID_WOOD_STORAGE_SUBTITLE,"400000,307000,112000",4200,2,2,0,18,0,0,15,"1000000,0,0",,,
80,Wood Storage,Resource,TID_BUILDING_WOOD_STORAGE,TID_WOOD_STORAGE_INFO,TID_WOOD_STORAGE_SUBTITLE,"570000,510000,223000",5000,2,2,1,0,0,0,16,"2000000,0,0",,,
81,Stone Storage,Resource,TID_BUILDING_STONE_STORAGE,TID_STONE_STORAGE_INFO,TID_STONE_STORAGE_SUBTITLE,"6600,1160,0",1000,2,2,0,1,0,0,6,"0,4000,0",,,
82,Stone Storage,Resource,TID_BUILDING_STONE_STORAGE,TID_STONE_STORAGE_INFO,TID_STONE_STORAGE_SUBTITLE,"10300,2060,0",1200,2,2,0,1,45,0,7,"0,8000,0",,,
83,Stone Storage,Resource,TID_BUILDING_STONE_STORAGE,TID_STONE_STORAGE_INFO,TID_STONE_STORAGE_SUBTITLE,"17800,3900,0",1400,2,2,0,2,30,0,8,"0,16000,0",,,
84,Stone Storage,Resource,TID_BUILDING_STONE_STORAGE,TID_STONE_STORAGE_INFO,TID_STONE_STORAGE_SUBTITLE,"29000,6900,1840",1700,2,2,0,3,30,0,9,"0,32000,0",,,
85,Stone Storage,Resource,TID_BUILDING_STONE_STORAGE,TID_STONE_STORAGE_INFO,TID_STONE_STORAGE_SUBTITLE,"64000,23300,6700",2000,2,2,0,6,0,0,11,"0,64000,0",,,
86,Stone Storage,Resource,TID_BUILDING_STONE_STORAGE,TID_STONE_STORAGE_INFO,TID_STONE_STORAGE_SUBTITLE,"101000,47000,12400",2400,2,2,0,7,0,0,12,"0,125000,0",,,
87,Stone Storage,Resource,TID_BUILDING_STONE_STORAGE,TID_STONE_STORAGE_INFO,TID_STONE_STORAGE_SUBTITLE,"147000,89000,25200",2900,2,2,0,8,0,0,13,"0,250000,0",,,
88,Stone Storage,Resource,TID_BUILDING_STONE_STORAGE,TID_STONE_STORAGE_INFO,TID_STONE_STORAGE_SUBTITLE,"212000,185000,51000",3500,2,2,0,14,0,0,14,"0,500000,0",,,
89,Stone Storage,Resource,TID_BUILDING_STONE_STORAGE,TID_STONE_STORAGE_INFO,TID_STONE_STORAGE_SUBTITLE,"380000,286000,104000",4200,2,2,0,18,0,0,15,"0,1000000,0",,,
90,Stone Storage,Resource,TID_BUILDING_STONE_STORAGE,TID_STONE_STORAGE_INFO,TID_STONE_STORAGE_SUBTITLE,"810000,670000,420000",5000,2,2,1,2,0,0,17,"0,2000000,0",,,
91,Metal Storage,Resource,TID_BUILDING_METAL_STORAGE,TID_METAL_STORAGE_INFO,TID_METAL_STORAGE_SUBTITLE,"18900,4500,1200",1000,2,2,0,2,15,0,9,"0,0,4000",,,
92,Metal Storage,Resource,TID_BUILDING_METAL_STORAGE,TID_METAL_STORAGE_INFO,TID_METAL_STORAGE_SUBTITLE,"21400,5100,1360",1200,2,2,0,3,0,0,9,"0,0,8000",,,
93,Metal Storage,Resource,TID_BUILDING_METAL_STORAGE,TID_METAL_STORAGE_INFO,TID_METAL_STORAGE_SUBTITLE,"37000,9400,3040",1400,2,2,0,4,0,0,10,"0,0,16000",,,
94,Metal Storage,Resource,TID_BUILDING_METAL_STORAGE,TID_METAL_STORAGE_INFO,TID_METAL_STORAGE_SUBTITLE,"56000,20400,5900",1700,2,2,0,5,0,0,11,"0,0,32000",,,
95,Metal Storage,Resource,TID_BUILDING_METAL_STORAGE,TID_METAL_STORAGE_INFO,TID_METAL_STORAGE_SUBTITLE,"93000,43000,11400",2000,2,2,0,7,0,0,12,"0,0,64000",,,
96,Metal Storage,Resource,TID_BUILDING_METAL_STORAGE,TID_METAL_STORAGE_INFO,TID_METAL_STORAGE_SUBTITLE,"189000,164000,45000",2400,2,2,0,12,0,0,14,"0,0,125000",,,
97,Metal Storage,Resource,TID_BUILDING_METAL_STORAGE,TID_METAL_STORAGE_INFO,TID_METAL_STORAGE_SUBTITLE,"340000,256000,93000",2900,2,2,0,16,0,0,15,"0,0,250000",,,
98,Metal Storage,Resource,TID_BUILDING_METAL_STORAGE,TID_METAL_STORAGE_INFO,TID_METAL_STORAGE_SUBTITLE,"490000,440000,193000",3500,2,2,1,0,0,0,16,"0,0,500000",,,
99,Metal Storage,Resource,TID_BUILDING_METAL_STORAGE,TID_METAL_STORAGE_INFO,TID_METAL_STORAGE_SUBTITLE,"750000,620000,390000",4200,2,2,1,2,0,0,17,"0,0,1000000",,,
100,Metal Storage,Resource,TID_BUILDING_METAL_STORAGE,TID_METAL_STORAGE_INFO,TID_METAL_STORAGE_SUBTITLE,"1110000,1080000,850000",5000,2,2,1,6,0,0,19,"0,0,2000000",,,
101,Vault,Resource,TID_BUILDING_VAULT,TID_BUILDING_VAULT_INFO,TID_BUILDING_VAULT_SUBTITLE,"300,0,0",1000,2,2,0,0,5,0,2,"3000,2000,0,0",,,
102,Vault,Resource,TID_BUILDING_VAULT,TID_BUILDING_VAULT_INFO,TID_BUILDING_VAULT_SUBTITLE,"2070,0,0",1100,2,2,0,1,30,0,3,"6000,4000,0,0",,,
103,Vault,Resource,TID_BUILDING_VAULT,TID_BUILDING_VAULT_INFO,TID_BUILDING_VAULT_SUBTITLE,"4600,0,0",1200,2,2,0,2,0,0,4,"10000,6000,0,0",,,
104,Vault,Resource,TID_BUILDING_VAULT,TID_BUILDING_VAULT_INFO,TID_BUILDING_VAULT_SUBTITLE,"8800,0,0",1300,2,2,0,2,30,0,5,"14000,9000,0,0",,,
105,Vault,Resource,TID_BUILDING_VAULT,TID_BUILDING_VAULT_INFO,TID_BUILDING_VAULT_SUBTITLE,"11600,2030,0",1400,2,2,0,3,0,0,6,"18000,12000,0,0",,,
106,Vault,Resource,TID_BUILDING_VAULT,TID_BUILDING_VAULT_INFO,TID_BUILDING_VAULT_SUBTITLE,"17600,3500,0",1500,2,2,0,3,45,0,7,"24000,15000,3000,0",,,
107,Vault,Resource,TID_BUILDING_VAULT,TID_BUILDING_VAULT_INFO,TID_BUILDING_VAULT_SUBTITLE,"30000,6600,0",1600,2,2,0,4,0,0,8,"34000,18000,6000,0",,,
108,Vault,Resource,TID_BUILDING_VAULT,TID_BUILDING_VAULT_INFO,TID_BUILDING_VAULT_SUBTITLE,"48000,11400,3040",1700,2,2,0,6,0,0,9,"45000,23000,10000,0",,,
109,Vault,Resource,TID_BUILDING_VAULT,TID_BUILDING_VAULT_INFO,TID_BUILDING_VAULT_SUBTITLE,"77000,19300,6200",1900,2,2,0,8,0,0,10,"70000,30000,14000,4000",,,
110,Vault,Resource,TID_BUILDING_VAULT,TID_BUILDING_VAULT_INFO,TID_BUILDING_VAULT_SUBTITLE,"107000,39000,11200",2100,2,2,0,10,0,0,11,"90000,39000,18000,8000",,,
111,Vault,Resource,TID_BUILDING_VAULT,TID_BUILDING_VAULT_INFO,TID_BUILDING_VAULT_SUBTITLE,"165000,77000,20300",2300,2,2,0,10,0,0,12,"120000,48000,26000,13000",,,
112,Vault,Resource,TID_BUILDING_VAULT,TID_BUILDING_VAULT_INFO,TID_BUILDING_VAULT_SUBTITLE,"238000,143000,41000",2500,2,2,0,14,0,0,13,"140000,60000,38000,19000",,,
113,Vault,Resource,TID_BUILDING_VAULT,TID_BUILDING_VAULT_INFO,TID_BUILDING_VAULT_SUBTITLE,"340000,295000,81000",2700,2,2,0,20,0,0,14,"190000,80000,60000,27000",,,
114,Vault,Resource,TID_BUILDING_VAULT,TID_BUILDING_VAULT_INFO,TID_BUILDING_VAULT_SUBTITLE,"590000,450000,164000",2900,2,2,1,4,0,0,15,"240000,110000,90000,40000",,,
115,Vault,Resource,TID_BUILDING_VAULT,TID_BUILDING_VAULT_INFO,TID_BUILDING_VAULT_SUBTITLE,"850000,760000,330000",3200,2,2,1,14,0,0,16,"320000,160000,130000,60000",,,
116,Vault,Resource,TID_BUILDING_VAULT,TID_BUILDING_VAULT_INFO,TID_BUILDING_VAULT_SUBTITLE,"1240000,1020000,650000",3500,2,2,1,18,0,0,17,"420000,220000,200000,100000",,,
117,Vault,Resource,TID_BUILDING_VAULT,TID_BUILDING_VAULT_INFO,TID_BUILDING_VAULT_SUBTITLE,"1550000,1410000,930000",3800,2,2,1,22,0,0,18,"500000,300000,250000,170000",,,
118,Vault,Resource,TID_BUILDING_VAULT,TID_BUILDING_VAULT_INFO,TID_BUILDING_VAULT_SUBTITLE,"1780000,1730000,1360000",4100,2,2,2,2,0,0,19,"600000,360000,340000,230000",,,
119,Vault,Resource,TID_BUILDING_VAULT,TID_BUILDING_VAULT_INFO,TID_BUILDING_VAULT_SUBTITLE,"1810000,1760000,1390000",4500,2,2,2,2,0,0,19,"700000,410000,400000,320000",,,
120,Vault,Resource,TID_BUILDING_VAULT,TID_BUILDING_VAULT_INFO,TID_BUILDING_VAULT_SUBTITLE,"2060000,2060000,2050000",4900,2,2,2,8,0,0,20,"800000,450000,450000,450000",,,
121,Map Room,Army,TID_BUILDING_MAP_ROOM,TID_MAP_ROOM_INFO,TID_MAP_ROOM_SUBTITLE,"150,0,0",1200,3,3,0,0,2,0,1,,,,
122,Map Room,Army,TID_BUILDING_MAP_ROOM,TID_MAP_ROOM_INFO,TID_MAP_ROOM_SUBTITLE,"400,0,0",1300,3,3,0,0,15,0,2,,,,
123,Map Room,Army,TID_BUILDING_MAP_ROOM,TID_MAP_ROOM_INFO,TID_MAP_ROOM_SUBTITLE,"2360,0,0",1400,3,3,0,1,0,0,3,,,,
124,Map Room,Army,TID_BUILDING_MAP_ROOM,TID_MAP_ROOM_INFO,TID_MAP_ROOM_SUBTITLE,"5900,0,0",1500,3,3,0,1,45,0,4,,,,
125,Map Room,Army,TID_BUILDING_MAP_ROOM,TID_MAP_ROOM_INFO,TID_MAP_ROOM_SUBTITLE,"11300,0,0",1600,3,3,0,2,15,0,5,,,,
126,Map Room,Army,TID_BUILDING_MAP_ROOM,TID_MAP_ROOM_INFO,TID_MAP_ROOM_SUBTITLE,"16500,2900,0",1700,3,3,0,3,0,0,6,,,,
127,Map Room,Army,TID_BUILDING_MAP_ROOM,TID_MAP_ROOM_INFO,TID_MAP_ROOM_SUBTITLE,"25500,5100,0",1900,3,3,0,3,30,0,7,,,,
128,Map Room,Army,TID_BUILDING_MAP_ROOM,TID_MAP_ROOM_INFO,TID_MAP_ROOM_SUBTITLE,"44000,9600,0",2100,3,3,0,4,0,0,8,,,,
129,Map Room,Army,TID_BUILDING_MAP_ROOM,TID_MAP_ROOM_INFO,TID_MAP_ROOM_SUBTITLE,"71000,16800,4500",2300,3,3,0,6,0,0,9,,,,
130,Map Room,Army,TID_BUILDING_MAP_ROOM,TID_MAP_ROOM_INFO,TID_MAP_ROOM_SUBTITLE,"114000,28700,9300",2500,3,3,0,8,0,0,10,,,,
131,Map Room,Army,TID_BUILDING_MAP_ROOM,TID_MAP_ROOM_INFO,TID_MAP_ROOM_SUBTITLE,"161000,58000,16800",2700,3,3,0,10,0,0,11,,,,
132,Map Room,Army,TID_BUILDING_MAP_ROOM,TID_MAP_ROOM_INFO,TID_MAP_ROOM_SUBTITLE,"249000,117000,30700",2900,3,3,0,12,0,0,12,,,,
133,Map Room,Army,TID_BUILDING_MAP_ROOM,TID_MAP_ROOM_INFO,TID_MAP_ROOM_SUBTITLE,"360000,218000,62000",3200,3,3,0,16,0,0,13,,,,
134,Map Room,Army,TID_BUILDING_MAP_ROOM,TID_MAP_ROOM_INFO,TID_MAP_ROOM_SUBTITLE,"520000,450000,125000",3500,3,3,0,22,0,0,14,,,,
135,Map Room,Army,TID_BUILDING_MAP_ROOM,TID_MAP_ROOM_INFO,TID_MAP_ROOM_SUBTITLE,"910000,700000,254000",3800,3,3,1,8,0,0,15,,,,
136,Map Room,Army,TID_BUILDING_MAP_ROOM,TID_MAP_ROOM_INFO,TID_MAP_ROOM_SUBTITLE,"1330000,1190000,520000",4100,3,3,1,18,0,0,16,,,,
137,Map Room,Army,TID_BUILDING_MAP_ROOM,TID_MAP_ROOM_INFO,TID_MAP_ROOM_SUBTITLE,"1940000,1600000,1010000",4500,3,3,2,0,0,0,17,,,,
138,Map Room,Army,TID_BUILDING_MAP_ROOM,TID_MAP_ROOM_INFO,TID_MAP_ROOM_SUBTITLE,"2430000,2220000,1460000",4900,3,3,2,4,0,0,18,,,,
139,Map Room,Army,TID_BUILDING_MAP_ROOM,TID_MAP_ROOM_INFO,TID_MAP_ROOM_SUBTITLE,"2810000,2740000,2150000",5300,3,3,2,8,0,0,19,,,,
140,Map Room,Army,TID_BUILDING_MAP_ROOM,TID_MAP_ROOM_INFO,TID_MAP_ROOM_SUBTITLE,"3200000,3200000,3200000",5800,3,3,2,16,0,0,20,,,,
141,Artifact Workshop,Army,TID_BUILDING_ARTIFACT_WORKSHOP,TID_ARTIFACT_WORKSHOP_INFO,TID_ARTIFACT_WORKSHOP_SUBTITLE,"3000,0,0",1400,3,3,0,0,30,0,5,,,,
142,Artifact Workshop,Army,TID_BUILDING_ARTIFACT_WORKSHOP,TID_ARTIFACT_WORKSHOP_INFO,TID_ARTIFACT_WORKSHOP_SUBTITLE,"29400,5900,0",1800,3,3,0,4,0,0,7,,,,
143,Artifact Workshop,Army,TID_BUILDING_ARTIFACT_WORKSHOP,TID_ARTIFACT_WORKSHOP_INFO,TID_ARTIFACT_WORKSHOP_SUBTITLE,"88000,21000,5600",2300,3,3,0,8,0,0,9,,,,
144,Artifact Workshop,Army,TID_BUILDING_ARTIFACT_WORKSHOP,TID_ARTIFACT_WORKSHOP_INFO,TID_ARTIFACT_WORKSHOP_SUBTITLE,"320000,151000,40000",2900,3,3,0,16,0,0,12,,,,
145,Artifact Workshop,Army,TID_BUILDING_ARTIFACT_WORKSHOP,TID_ARTIFACT_WORKSHOP_INFO,TID_ARTIFACT_WORKSHOP_SUBTITLE,"670000,580000,161000",3600,3,3,1,6,0,0,14,,,,
146,Artifact Workshop,Army,TID_BUILDING_ARTIFACT_WORKSHOP,TID_ARTIFACT_WORKSHOP_INFO,TID_ARTIFACT_WORKSHOP_SUBTITLE,"1710000,1530000,670000",4500,3,3,2,6,0,1,16,,,,
147,Artifact Workshop,Army,TID_BUILDING_ARTIFACT_WORKSHOP,TID_ARTIFACT_WORKSHOP_INFO,TID_ARTIFACT_WORKSHOP_SUBTITLE,"3060000,2790000,1830000",5700,3,3,2,18,0,2,18,,,,
148,Artifact Workshop,Army,TID_BUILDING_ARTIFACT_WORKSHOP,TID_ARTIFACT_WORKSHOP_INFO,TID_ARTIFACT_WORKSHOP_SUBTITLE,"3900000,3900000,3900000",7200,3,3,3,6,0,3,20,,,,
149,Common Artifact,Artifact,TID_BUILDING_ARTIFACT1,TID_ARTIFACT1_INFO,TID_ARTIFACT1_SUBTITLE,"0,0,0,0,0",0,1,1,,,0,0,1,,,,
150,Rare Artifact,Artifact,TID_BUILDING_ARTIFACT2,TID_ARTIFACT1_INFO,TID_ARTIFACT1_SUBTITLE,"0,0,0,0,0",0,1,1,,,0,0,1,,,,
151,Epic Artifact,Artifact,TID_BUILDING_ARTIFACT3,TID_ARTIFACT1_INFO,TID_ARTIFACT1_SUBTITLE,"0,0,0,0,0",0,1,1,,,0,0,1,,,,
152,Gunboat,Misc,TID_BUILDING_GUNSHIP,TID_BUILDING_GUNSHIP_INFO,TID_BUILDING_GUNSHIP_SUBTITLE,"50,0,0",0,2,2,0,0,1,0,1,,,,
153,Gunboat,Misc,TID_BUILDING_GUNSHIP,TID_BUILDING_GUNSHIP_INFO,TID_BUILDING_GUNSHIP_SUBTITLE,"180,0,0",0,2,2,0,0,2,0,1,,,,
154,Gunboat,Misc,TID_BUILDING_GUNSHIP,TID_BUILDING_GUNSHIP_INFO,TID_BUILDING_GUNSHIP_SUBTITLE,"1240,0,0",0,2,2,0,0,30,0,2,,,,
155,Gunboat,Misc,TID_BUILDING_GUNSHIP,TID_BUILDING_GUNSHIP_INFO,TID_BUILDING_GUNSHIP_SUBTITLE,"4500,0,0",0,2,2,0,1,45,0,3,,,,
156,Gunboat,Misc,TID_BUILDING_GUNSHIP,TID_BUILDING_GUNSHIP_INFO,TID_BUILDING_GUNSHIP_SUBTITLE,"10000,0,0",0,2,2,0,3,0,0,4,,,,
157,Gunboat,Misc,TID_BUILDING_GUNSHIP,TID_BUILDING_GUNSHIP_INFO,TID_BUILDING_GUNSHIP_SUBTITLE,"19800,0,0",0,2,2,0,3,45,0,5,,,,
158,Gunboat,Misc,TID_BUILDING_GUNSHIP,TID_BUILDING_GUNSHIP_INFO,TID_BUILDING_GUNSHIP_SUBTITLE,"26400,4600,0",0,2,2,0,4,0,0,6,,,,
159,Gunboat,Misc,TID_BUILDING_GUNSHIP,TID_BUILDING_GUNSHIP_INFO,TID_BUILDING_GUNSHIP_SUBTITLE,"40000,7900,0",0,2,2,0,5,0,0,7,,,,
160,Gunboat,Misc,TID_BUILDING_GUNSHIP,TID_BUILDING_GUNSHIP_INFO,TID_BUILDING_GUNSHIP_SUBTITLE,"66000,14600,0",0,2,2,0,7,0,0,8,,,,
161,Gunboat,Misc,TID_BUILDING_GUNSHIP,TID_BUILDING_GUNSHIP_INFO,TID_BUILDING_GUNSHIP_SUBTITLE,"105000,24900,6600",0,2,2,0,8,0,0,9,,,,
162,Gunboat,Misc,TID_BUILDING_GUNSHIP,TID_BUILDING_GUNSHIP_INFO,TID_BUILDING_GUNSHIP_SUBTITLE,"166000,42000,13400",0,2,2,0,12,0,0,10,,,,
163,Gunboat,Misc,TID_BUILDING_GUNSHIP,TID_BUILDING_GUNSHIP_INFO,TID_BUILDING_GUNSHIP_SUBTITLE,"228000,82000,23800",0,2,2,0,14,0,0,11,,,,
164,Gunboat,Misc,TID_BUILDING_GUNSHIP,TID_BUILDING_GUNSHIP_INFO,TID_BUILDING_GUNSHIP_SUBTITLE,"350000,163000,43000",0,2,2,0,16,0,0,12,,,,
165,Gunboat,Misc,TID_BUILDING_GUNSHIP,TID_BUILDING_GUNSHIP_INFO,TID_BUILDING_GUNSHIP_SUBTITLE,"490000,297000,84000",0,2,2,0,22,0,0,13,,,,
166,Gunboat,Misc,TID_BUILDING_GUNSHIP,TID_BUILDING_GUNSHIP_INFO,TID_BUILDING_GUNSHIP_SUBTITLE,"690000,600000,166000",0,2,2,1,6,0,0,14,,,,
167,Gunboat,Misc,TID_BUILDING_GUNSHIP,TID_BUILDING_GUNSHIP_INFO,TID_BUILDING_GUNSHIP_SUBTITLE,"1200000,910000,330000",0,2,2,1,18,0,0,15,,,,
168,Gunboat,Misc,TID_BUILDING_GUNSHIP,TID_BUILDING_GUNSHIP_INFO,TID_BUILDING_GUNSHIP_SUBTITLE,"1710000,1530000,670000",0,2,2,2,6,0,0,16,,,,
169,Gunboat,Misc,TID_BUILDING_GUNSHIP,TID_BUILDING_GUNSHIP_INFO,TID_BUILDING_GUNSHIP_SUBTITLE,"2450000,2020000,1280000",0,2,2,2,12,0,0,17,,,,
170,Gunboat,Misc,TID_BUILDING_GUNSHIP,TID_BUILDING_GUNSHIP_INFO,TID_BUILDING_GUNSHIP_SUBTITLE,"3030000,2760000,1810000",0,2,2,2,18,0,0,18,,,,
171,Gunboat,Misc,TID_BUILDING_GUNSHIP,TID_BUILDING_GUNSHIP_INFO,TID_BUILDING_GUNSHIP_SUBTITLE,"3400000,3300000,2630000",0,2,2,2,22,0,0,19,,,,
172,Barrels,Npc,TID_AI_HUT,TID_AI_HUT_INFO,TID_AI_HUT_SUBTITLE,"30,30,30",320,2,2,,,5,0,1,,,,
173,Boat,Army,TID_BUILDING_LANDING_SHIP,TID_BUILDING_LANDING_SHIP_INFO,TID_BUILDING_LANDING_SHIP_SUBTITLE,"150,0,0",0,2,2,0,0,0,3,1,,,,
174,Boat,Army,TID_BUILDING_LANDING_SHIP,TID_BUILDING_LANDING_SHIP_INFO,TID_BUILDING_LANDING_SHIP_SUBTITLE,"250,0,0",0,2,2,0,0,2,0,1,,,,
175,Boat,Army,TID_BUILDING_LANDING_SHIP,TID_BUILDING_LANDING_SHIP_INFO,TID_BUILDING_LANDING_SHIP_SUBTITLE,"3200,0,0",0,2,2,0,0,45,0,3,,,,
176,Boat,Army,TID_BUILDING_LANDING_SHIP,TID_BUILDING_LANDING_SHIP_INFO,TID_BUILDING_LANDING_SHIP_SUBTITLE,"9400,0,0",0,2,2,0,1,30,0,4,,,,
177,Boat,Army,TID_BUILDING_LANDING_SHIP,TID_BUILDING_LANDING_SHIP_INFO,TID_BUILDING_LANDING_SHIP_SUBTITLE,"18300,0,0",0,2,2,0,2,0,0,5,,,,
178,Boat,Army,TID_BUILDING_LANDING_SHIP,TID_BUILDING_LANDING_SHIP_INFO,TID_BUILDING_LANDING_SHIP_SUBTITLE,"24400,4300,0",0,2,2,0,2,30,0,6,,,,
179,Boat,Army,TID_BUILDING_LANDING_SHIP,TID_BUILDING_LANDING_SHIP_INFO,TID_BUILDING_LANDING_SHIP_SUBTITLE,"37000,7400,0",0,2,2,0,3,0,0,7,,,,
180,Boat,Army,TID_BUILDING_LANDING_SHIP,TID_BUILDING_LANDING_SHIP_INFO,TID_BUILDING_LANDING_SHIP_SUBTITLE,"62000,13500,0",0,2,2,0,4,0,0,8,,,,
181,Boat,Army,TID_BUILDING_LANDING_SHIP,TID_BUILDING_LANDING_SHIP_INFO,TID_BUILDING_LANDING_SHIP_SUBTITLE,"97000,23100,6200",0,2,2,0,5,0,0,9,,,,
182,Boat,Army,TID_BUILDING_LANDING_SHIP,TID_BUILDING_LANDING_SHIP_INFO,TID_BUILDING_LANDING_SHIP_SUBTITLE,"154000,39000,12500",0,2,2,0,7,0,0,10,,,,
183,Boat,Army,TID_BUILDING_LANDING_SHIP,TID_BUILDING_LANDING_SHIP_INFO,TID_BUILDING_LANDING_SHIP_SUBTITLE,"212000,77000,22100",0,2,2,0,8,0,0,11,,,,
184,Boat,Army,TID_BUILDING_LANDING_SHIP,TID_BUILDING_LANDING_SHIP_INFO,TID_BUILDING_LANDING_SHIP_SUBTITLE,"320000,151000,40000",0,2,2,0,8,0,0,12,,,,
185,Boat,Army,TID_BUILDING_LANDING_SHIP,TID_BUILDING_LANDING_SHIP_INFO,TID_BUILDING_LANDING_SHIP_SUBTITLE,"460000,276000,79000",0,2,2,0,12,0,0,13,,,,
186,Boat,Army,TID_BUILDING_LANDING_SHIP,TID_BUILDING_LANDING_SHIP_INFO,TID_BUILDING_LANDING_SHIP_SUBTITLE,"640000,560000,155000",0,2,2,0,16,0,0,14,,,,
187,Boat,Army,TID_BUILDING_LANDING_SHIP,TID_BUILDING_LANDING_SHIP_INFO,TID_BUILDING_LANDING_SHIP_SUBTITLE,"1120000,850000,310000",0,2,2,0,22,0,0,15,,,,
188,Boat,Army,TID_BUILDING_LANDING_SHIP,TID_BUILDING_LANDING_SHIP_INFO,TID_BUILDING_LANDING_SHIP_SUBTITLE,"1590000,1430000,620000",0,2,2,1,6,0,0,16,,,,
189,Boat,Army,TID_BUILDING_LANDING_SHIP,TID_BUILDING_LANDING_SHIP_INFO,TID_BUILDING_LANDING_SHIP_SUBTITLE,"2290000,1890000,1200000",0,2,2,1,10,0,0,17,,,,
190,Boat,Army,TID_BUILDING_LANDING_SHIP,TID_BUILDING_LANDING_SHIP_INFO,TID_BUILDING_LANDING_SHIP_SUBTITLE,"2830000,2580000,1690000",0,2,2,1,12,0,0,18,,,,
191,Boat,Army,TID_BUILDING_LANDING_SHIP,TID_BUILDING_LANDING_SHIP_INFO,TID_BUILDING_LANDING_SHIP_SUBTITLE,"3200000,3130000,2460000",0,2,2,1,14,0,0,19,,,,
192,Boat,Army,TID_BUILDING_LANDING_SHIP,TID_BUILDING_LANDING_SHIP_INFO,TID_BUILDING_LANDING_SHIP_SUBTITLE,"3600000,3600000,3600000",0,2,2,1,20,0,0,20,,,,
193,Laboratory,Army,TID_BUILDING_LABORATORY,TID_LABORATORY_INFO,TID_LABORATORY_SUBTITLE,"2600,0,0",1200,3,3,0,0,45,0,4,,,,
194,Laboratory,Army,TID_BUILDING_LABORATORY,TID_LABORATORY_INFO,TID_LABORATORY_SUBTITLE,"10000,0,0",1300,3,3,0,2,0,0,5,,,,
195,Laboratory,Army,TID_BUILDING_LABORATORY,TID_LABORATORY_INFO,TID_LABORATORY_SUBTITLE,"19800,3500,0",1400,3,3,0,3,30,0,6,,,,
196,Laboratory,Army,TID_BUILDING_LABORATORY,TID_LABORATORY_INFO,TID_LABORATORY_SUBTITLE,"29400,5900,0",1500,3,3,0,4,0,0,7,,,,
197,Laboratory,Army,TID_BUILDING_LABORATORY,TID_LABORATORY_INFO,TID_LABORATORY_SUBTITLE,"49000,10700,0",1600,3,3,0,5,0,0,8,,,,
198,Laboratory,Army,TID_BUILDING_LABORATORY,TID_LABORATORY_INFO,TID_LABORATORY_SUBTITLE,"76000,18000,4800",1700,3,3,0,7,0,0,9,,,,
199,Laboratory,Army,TID_BUILDING_LABORATORY,TID_LABORATORY_INFO,TID_LABORATORY_SUBTITLE,"118000,29700,9600",1900,3,3,0,8,0,0,10,,,,
200,Laboratory,Army,TID_BUILDING_LABORATORY,TID_LABORATORY_INFO,TID_LABORATORY_SUBTITLE,"161000,58000,16800",2100,3,3,0,10,0,0,11,,,,
201,Laboratory,Army,TID_BUILDING_LABORATORY,TID_LABORATORY_INFO,TID_LABORATORY_SUBTITLE,"174000,63000,18200",2300,3,3,0,10,0,0,11,,,,
202,Laboratory,Army,TID_BUILDING_LABORATORY,TID_LABORATORY_INFO,TID_LABORATORY_SUBTITLE,"261000,123000,32000",2500,3,3,0,12,0,0,12,,,,
203,Laboratory,Army,TID_BUILDING_LABORATORY,TID_LABORATORY_INFO,TID_LABORATORY_SUBTITLE,"370000,222000,63000",2700,3,3,0,16,0,0,13,,,,
204,Laboratory,Army,TID_BUILDING_LABORATORY,TID_LABORATORY_INFO,TID_LABORATORY_SUBTITLE,"550000,480000,132000",2900,3,3,1,0,0,0,14,,,,
205,Laboratory,Army,TID_BUILDING_LABORATORY,TID_LABORATORY_INFO,TID_LABORATORY_SUBTITLE,"590000,510000,142000",3200,3,3,1,2,0,0,14,,,,
206,Laboratory,Army,TID_BUILDING_LABORATORY,TID_LABORATORY_INFO,TID_LABORATORY_SUBTITLE,"1010000,770000,280000",3500,3,3,1,12,0,0,15,,,,
207,Laboratory,Army,TID_BUILDING_LABORATORY,TID_LABORATORY_INFO,TID_LABORATORY_SUBTITLE,"1420000,1270000,560000",3800,3,3,1,22,0,0,16,,,,
208,Laboratory,Army,TID_BUILDING_LABORATORY,TID_LABORATORY_INFO,TID_LABORATORY_SUBTITLE,"1520000,1360000,600000",4100,3,3,2,0,0,0,16,,,,
209,Laboratory,Army,TID_BUILDING_LABORATORY,TID_LABORATORY_INFO,TID_LABORATORY_SUBTITLE,"2150000,1780000,1130000",4500,3,3,2,6,0,0,17,,,,
210,Laboratory,Army,TID_BUILDING_LABORATORY,TID_LABORATORY_INFO,TID_LABORATORY_SUBTITLE,"2630000,2400000,1580000",4900,3,3,2,8,0,0,18,,,,
211,Laboratory,Army,TID_BUILDING_LABORATORY,TID_LABORATORY_INFO,TID_LABORATORY_SUBTITLE,"2960000,2880000,2260000",5300,3,3,2,12,0,0,19,,,,
212,Laboratory,Army,TID_BUILDING_LABORATORY,TID_LABORATORY_INFO,TID_LABORATORY_SUBTITLE,"3300000,3300000,3300000",5800,3,3,2,18,0,0,20,,,,
213,Wall,Wall,TID_BUILDING_WALL,TID_WALL_INFO,TID_WALL_SUBTITLE,0,0,3,3,,,0,0,3,,,,
214,Guard Tower,Defense,TID_GUARD_TOWER,TID_GUARD_TOWER_INFO,TID_GUARD_TOWER_SUBTITLE,"100,0,0",1700,2,2,0,0,0,3,1,,,,
215,Guard Tower,Defense,TID_GUARD_TOWER,TID_GUARD_TOWER_INFO,TID_GUARD_TOWER_SUBTITLE,"200,0,0",1850,2,2,0,0,5,0,1,,,,
216,Guard Tower,Defense,TID_GUARD_TOWER,TID_GUARD_TOWER_INFO,TID_GUARD_TOWER_SUBTITLE,"760,0,0",2010,2,2,0,0,20,0,2,,,,
217,Guard Tower,Defense,TID_GUARD_TOWER,TID_GUARD_TOWER_INFO,TID_GUARD_TOWER_SUBTITLE,"2070,0,0",2190,2,2,0,1,0,0,3,,,,
218,Guard Tower,Defense,TID_GUARD_TOWER,TID_GUARD_TOWER_INFO,TID_GUARD_TOWER_SUBTITLE,"4700,0,0",2380,2,2,0,1,15,0,4,,,,
219,Guard Tower,Defense,TID_GUARD_TOWER,TID_GUARD_TOWER_INFO,TID_GUARD_TOWER_SUBTITLE,"9300,0,0",2600,2,2,0,1,45,0,5,,,,
220,Guard Tower,Defense,TID_GUARD_TOWER,TID_GUARD_TOWER_INFO,TID_GUARD_TOWER_SUBTITLE,"12500,2200,0",2800,2,2,0,2,15,0,6,,,,
221,Guard Tower,Defense,TID_GUARD_TOWER,TID_GUARD_TOWER_INFO,TID_GUARD_TOWER_SUBTITLE,"19100,3800,0",3100,2,2,0,2,30,0,7,,,,
222,Guard Tower,Defense,TID_GUARD_TOWER,TID_GUARD_TOWER_INFO,TID_GUARD_TOWER_SUBTITLE,"32000,7100,0",3300,2,2,0,3,30,0,8,,,,
223,Guard Tower,Defense,TID_GUARD_TOWER,TID_GUARD_TOWER_INFO,TID_GUARD_TOWER_SUBTITLE,"52000,12300,3300",3600,2,2,0,4,0,0,9,,,,
224,Guard Tower,Defense,TID_GUARD_TOWER,TID_GUARD_TOWER_INFO,TID_GUARD_TOWER_SUBTITLE,"83000,20800,6700",4000,2,2,0,6,0,0,10,,,,
225,Guard Tower,Defense,TID_GUARD_TOWER,TID_GUARD_TOWER_INFO,TID_GUARD_TOWER_SUBTITLE,"115000,42000,12000",4300,2,2,0,7,0,0,11,,,,
226,Guard Tower,Defense,TID_GUARD_TOWER,TID_GUARD_TOWER_INFO,TID_GUARD_TOWER_SUBTITLE,"177000,83000,21800",4700,2,2,0,8,0,0,12,,,,
227,Guard Tower,Defense,TID_GUARD_TOWER,TID_GUARD_TOWER_INFO,TID_GUARD_TOWER_SUBTITLE,"255000,153000,44000",5100,2,2,0,10,0,0,13,,,,
228,Guard Tower,Defense,TID_GUARD_TOWER,TID_GUARD_TOWER_INFO,TID_GUARD_TOWER_SUBTITLE,"360000,315000,87000",5500,2,2,0,16,0,0,14,,,,
229,Guard Tower,Defense,TID_GUARD_TOWER,TID_GUARD_TOWER_INFO,TID_GUARD_TOWER_SUBTITLE,"630000,480000,175000",6000,2,2,0,22,0,0,15,,,,
230,Guard Tower,Defense,TID_GUARD_TOWER,TID_GUARD_TOWER_INFO,TID_GUARD_TOWER_SUBTITLE,"910000,810000,360000",6600,2,2,1,4,0,0,16,,,,
231,Guard Tower,Defense,TID_GUARD_TOWER,TID_GUARD_TOWER_INFO,TID_GUARD_TOWER_SUBTITLE,"1320000,1090000,690000",7100,2,2,1,8,0,0,17,,,,
232,Guard Tower,Defense,TID_GUARD_TOWER,TID_GUARD_TOWER_INFO,TID_GUARD_TOWER_SUBTITLE,"1650000,1500000,990000",7800,2,2,1,12,0,0,18,,,,
233,Guard Tower,Defense,TID_GUARD_TOWER,TID_GUARD_TOWER_INFO,TID_GUARD_TOWER_SUBTITLE,"2100000,2100000,2090000",8400,2,2,1,18,0,0,20,,,,
234,Mortar,Defense,TID_BUILDING_MORTAR,TID_MORTAR_INFO,TID_MORTAR_SUBTITLE,"1180,0,0",2000,2,2,0,0,30,0,3,,,,
235,Mortar,Defense,TID_BUILDING_MORTAR,TID_MORTAR_INFO,TID_MORTAR_SUBTITLE,"2360,0,0",2180,2,2,0,1,0,0,3,,,,
236,Mortar,Defense,TID_BUILDING_MORTAR,TID_MORTAR_INFO,TID_MORTAR_SUBTITLE,"5900,0,0",2370,2,2,0,1,45,0,4,,,,
237,Mortar,Defense,TID_BUILDING_MORTAR,TID_MORTAR_INFO,TID_MORTAR_SUBTITLE,"11500,0,0",2600,2,2,0,2,15,0,5,,,,
238,Mortar,Defense,TID_BUILDING_MORTAR,TID_MORTAR_INFO,TID_MORTAR_SUBTITLE,"15500,2730,0",2800,2,2,0,2,45,0,6,,,,
239,Mortar,Defense,TID_BUILDING_MORTAR,TID_MORTAR_INFO,TID_MORTAR_SUBTITLE,"23500,4700,0",3000,2,2,0,3,15,0,7,,,,
240,Mortar,Defense,TID_BUILDING_MORTAR,TID_MORTAR_INFO,TID_MORTAR_SUBTITLE,"40000,8700,0",3300,2,2,0,4,0,0,8,,,,
241,Mortar,Defense,TID_BUILDING_MORTAR,TID_MORTAR_INFO,TID_MORTAR_SUBTITLE,"63000,15000,4000",3600,2,2,0,6,0,0,9,,,,
242,Mortar,Defense,TID_BUILDING_MORTAR,TID_MORTAR_INFO,TID_MORTAR_SUBTITLE,"101000,25200,8200",3900,2,2,0,7,0,0,10,,,,
243,Mortar,Defense,TID_BUILDING_MORTAR,TID_MORTAR_INFO,TID_MORTAR_SUBTITLE,"140000,50000,14600",4300,2,2,0,8,0,0,11,,,,
244,Mortar,Defense,TID_BUILDING_MORTAR,TID_MORTAR_INFO,TID_MORTAR_SUBTITLE,"217000,102000,26700",4600,2,2,0,10,0,0,12,,,,
245,Mortar,Defense,TID_BUILDING_MORTAR,TID_MORTAR_INFO,TID_MORTAR_SUBTITLE,"320000,191000,54000",5100,2,2,0,14,0,0,13,,,,
246,Mortar,Defense,TID_BUILDING_MORTAR,TID_MORTAR_INFO,TID_MORTAR_SUBTITLE,"460000,400000,110000",5500,2,2,0,20,0,0,14,,,,
247,Mortar,Defense,TID_BUILDING_MORTAR,TID_MORTAR_INFO,TID_MORTAR_SUBTITLE,"810000,610000,224000",6000,2,2,1,4,0,0,15,,,,
248,Mortar,Defense,TID_BUILDING_MORTAR,TID_MORTAR_INFO,TID_MORTAR_SUBTITLE,"1180000,1050000,460000",6500,2,2,1,14,0,0,16,,,,
249,Mortar,Defense,TID_BUILDING_MORTAR,TID_MORTAR_INFO,TID_MORTAR_SUBTITLE,"1720000,1420000,900000",7100,2,2,1,18,0,0,17,,,,
250,Mortar,Defense,TID_BUILDING_MORTAR,TID_MORTAR_INFO,TID_MORTAR_SUBTITLE,"2170000,1980000,1300000",7700,2,2,1,22,0,0,18,,,,
251,Mortar,Defense,TID_BUILDING_MORTAR,TID_MORTAR_INFO,TID_MORTAR_SUBTITLE,"2520000,2450000,1920000",8400,2,2,2,2,0,0,19,,,,
252,Mortar,Defense,TID_BUILDING_MORTAR,TID_MORTAR_INFO,TID_MORTAR_SUBTITLE,"2880000,2880000,2870000",9100,2,2,2,10,0,0,20,,,,
253,Mortar,Defense,TID_BUILDING_MORTAR,TID_MORTAR_INFO,TID_MORTAR_SUBTITLE,"2960000,2970000,2950000",9900,2,2,2,12,0,0,20,,,,
254,Machine Gun Nest,Defense,TID_MACHINE_GUN_NEST,TID_MACHINE_GUN_NEST_INFO,TID_MACHINE_GUN_NEST_SUBTITLE,"3300,0,0",1600,2,2,0,1,0,0,4,,,,
255,Machine Gun Nest,Defense,TID_MACHINE_GUN_NEST,TID_MACHINE_GUN_NEST_INFO,TID_MACHINE_GUN_NEST_SUBTITLE,"4600,0,0",1740,2,2,0,1,15,0,4,,,,
256,Machine Gun Nest,Defense,TID_MACHINE_GUN_NEST,TID_MACHINE_GUN_NEST_INFO,TID_MACHINE_GUN_NEST_SUBTITLE,"8800,0,0",1890,2,2,0,1,45,0,5,,,,
257,Machine Gun Nest,Defense,TID_MACHINE_GUN_NEST,TID_MACHINE_GUN_NEST_INFO,TID_MACHINE_GUN_NEST_SUBTITLE,"10000,0,0",2060,2,2,0,2,0,0,5,,,,
258,Machine Gun Nest,Defense,TID_MACHINE_GUN_NEST,TID_MACHINE_GUN_NEST_INFO,TID_MACHINE_GUN_NEST_SUBTITLE,"13200,2320,0",2240,2,2,0,2,15,0,6,,,,
259,Machine Gun Nest,Defense,TID_MACHINE_GUN_NEST,TID_MACHINE_GUN_NEST_INFO,TID_MACHINE_GUN_NEST_SUBTITLE,"14900,2610,0",2440,2,2,0,2,30,0,6,,,,
260,Machine Gun Nest,Defense,TID_MACHINE_GUN_NEST,TID_MACHINE_GUN_NEST_INFO,TID_MACHINE_GUN_NEST_SUBTITLE,"22500,4500,0",2700,2,2,0,3,0,0,7,,,,
261,Machine Gun Nest,Defense,TID_MACHINE_GUN_NEST,TID_MACHINE_GUN_NEST_INFO,TID_MACHINE_GUN_NEST_SUBTITLE,"38000,8400,0",2900,2,2,0,4,0,0,8,,,,
262,Machine Gun Nest,Defense,TID_MACHINE_GUN_NEST,TID_MACHINE_GUN_NEST_INFO,TID_MACHINE_GUN_NEST_SUBTITLE,"60000,14400,3800",3100,2,2,0,5,0,0,9,,,,
263,Machine Gun Nest,Defense,TID_MACHINE_GUN_NEST,TID_MACHINE_GUN_NEST_INFO,TID_MACHINE_GUN_NEST_SUBTITLE,"97000,24300,7800",3400,2,2,0,7,0,0,10,,,,
264,Machine Gun Nest,Defense,TID_MACHINE_GUN_NEST,TID_MACHINE_GUN_NEST_INFO,TID_MACHINE_GUN_NEST_SUBTITLE,"134000,49000,14000",3700,2,2,0,8,0,0,11,,,,
265,Machine Gun Nest,Defense,TID_MACHINE_GUN_NEST,TID_MACHINE_GUN_NEST_INFO,TID_MACHINE_GUN_NEST_SUBTITLE,"205000,96000,25200",4000,2,2,0,10,0,0,12,,,,
266,Machine Gun Nest,Defense,TID_MACHINE_GUN_NEST,TID_MACHINE_GUN_NEST_INFO,TID_MACHINE_GUN_NEST_SUBTITLE,"295000,177000,50000",4400,2,2,0,12,0,0,13,,,,
267,Machine Gun Nest,Defense,TID_MACHINE_GUN_NEST,TID_MACHINE_GUN_NEST_INFO,TID_MACHINE_GUN_NEST_SUBTITLE,"420000,360000,100000",4800,2,2,0,18,0,0,14,,,,
268,Machine Gun Nest,Defense,TID_MACHINE_GUN_NEST,TID_MACHINE_GUN_NEST_INFO,TID_MACHINE_GUN_NEST_SUBTITLE,"730000,550000,201000",5200,2,2,1,0,0,0,15,,,,
269,Machine Gun Nest,Defense,TID_MACHINE_GUN_NEST,TID_MACHINE_GUN_NEST_INFO,TID_MACHINE_GUN_NEST_SUBTITLE,"1040000,930000,410000",5700,2,2,1,10,0,0,16,,,,
270,Machine Gun Nest,Defense,TID_MACHINE_GUN_NEST,TID_MACHINE_GUN_NEST_INFO,TID_MACHINE_GUN_NEST_SUBTITLE,"1510000,1240000,790000",6200,2,2,1,14,0,0,17,,,,
271,Machine Gun Nest,Defense,TID_MACHINE_GUN_NEST,TID_MACHINE_GUN_NEST_INFO,TID_MACHINE_GUN_NEST_SUBTITLE,"1880000,1710000,1120000",6700,2,2,1,16,0,0,18,,,,
272,Machine Gun Nest,Defense,TID_MACHINE_GUN_NEST,TID_MACHINE_GUN_NEST_INFO,TID_MACHINE_GUN_NEST_SUBTITLE,"2150000,2090000,1640000",7300,2,2,1,20,0,0,19,,,,
273,Machine Gun Nest,Defense,TID_MACHINE_GUN_NEST,TID_MACHINE_GUN_NEST_INFO,TID_MACHINE_GUN_NEST_SUBTITLE,"2430000,2430000,2420000",7900,2,2,2,0,0,0,20,,,,
274,Missile Launcher,Defense,TID_MISSILE_LAUNCHER,TID_MISSILE_LAUNCHER_INFO,TID_MISSILE_LAUNCHER_SUBTITLE,"142000,85000,24300",4000,2,2,0,6,0,0,13,,,,
275,Missile Launcher,Defense,TID_MISSILE_LAUNCHER,TID_MISSILE_LAUNCHER_INFO,TID_MISSILE_LAUNCHER_SUBTITLE,"198000,119000,34000",4400,2,2,0,8,0,0,13,,,,
276,Missile Launcher,Defense,TID_MISSILE_LAUNCHER,TID_MISSILE_LAUNCHER_INFO,TID_MISSILE_LAUNCHER_SUBTITLE,"275000,240000,66000",4800,2,2,0,12,0,0,14,,,,
277,Missile Launcher,Defense,TID_MISSILE_LAUNCHER,TID_MISSILE_LAUNCHER_INFO,TID_MISSILE_LAUNCHER_SUBTITLE,"275000,240000,66000",5200,2,2,0,12,0,0,14,,,,
278,Missile Launcher,Defense,TID_MISSILE_LAUNCHER,TID_MISSILE_LAUNCHER_INFO,TID_MISSILE_LAUNCHER_SUBTITLE,"540000,410000,149000",5700,2,2,0,18,0,0,15,,,,
279,Missile Launcher,Defense,TID_MISSILE_LAUNCHER,TID_MISSILE_LAUNCHER_INFO,TID_MISSILE_LAUNCHER_SUBTITLE,"760000,680000,298000",6300,2,2,1,0,0,0,16,,,,
280,Missile Launcher,Defense,TID_MISSILE_LAUNCHER,TID_MISSILE_LAUNCHER_INFO,TID_MISSILE_LAUNCHER_SUBTITLE,"850000,760000,330000",6900,2,2,1,2,0,0,16,,,,
281,Missile Launcher,Defense,TID_MISSILE_LAUNCHER,TID_MISSILE_LAUNCHER_INFO,TID_MISSILE_LAUNCHER_SUBTITLE,"1210000,1000000,630000",7500,2,2,1,6,0,0,17,,,,
282,Missile Launcher,Defense,TID_MISSILE_LAUNCHER,TID_MISSILE_LAUNCHER_INFO,TID_MISSILE_LAUNCHER_SUBTITLE,"1480000,1350000,890000",8200,2,2,1,8,0,0,18,,,,
283,Missile Launcher,Defense,TID_MISSILE_LAUNCHER,TID_MISSILE_LAUNCHER_INFO,TID_MISSILE_LAUNCHER_SUBTITLE,"1850000,1800000,1420000",9000,2,2,1,14,0,0,19,,,,
284,Missile Launcher,Defense,TID_MISSILE_LAUNCHER,TID_MISSILE_LAUNCHER_INFO,TID_MISSILE_LAUNCHER_SUBTITLE,"1850000,1800000,1420000",9800,2,2,1,14,0,0,19,,,,
285,Missile Launcher,Defense,TID_MISSILE_LAUNCHER,TID_MISSILE_LAUNCHER_INFO,TID_MISSILE_LAUNCHER_SUBTITLE,"2060000,2060000,2050000",10700,2,2,1,18,0,0,20,,,,
286,Missile Launcher,Defense,TID_MISSILE_LAUNCHER,TID_MISSILE_LAUNCHER_INFO,TID_MISSILE_LAUNCHER_SUBTITLE,"2470000,2470000,2460000",11800,2,2,2,2,0,0,20,,,,
287,Flame Thrower,Defense,TID_FLAME_THROWER,TID_FLAME_THROWER_INFO,TID_FLAME_THROWER_SUBTITLE,"31500,7500,2000",2300,2,2,0,3,0,0,9,,,,
288,Flame Thrower,Defense,TID_FLAME_THROWER,TID_FLAME_THROWER_INFO,TID_FLAME_THROWER_SUBTITLE,"44000,10500,2800",2500,2,2,0,4,0,0,9,,,,
289,Flame Thrower,Defense,TID_FLAME_THROWER,TID_FLAME_THROWER_INFO,TID_FLAME_THROWER_SUBTITLE,"69000,17300,5600",2700,2,2,0,5,0,0,10,,,,
290,Flame Thrower,Defense,TID_FLAME_THROWER,TID_FLAME_THROWER_INFO,TID_FLAME_THROWER_SUBTITLE,"94000,34000,9800",3000,2,2,0,6,0,0,11,,,,
291,Flame Thrower,Defense,TID_FLAME_THROWER,TID_FLAME_THROWER_INFO,TID_FLAME_THROWER_SUBTITLE,"107000,39000,11200",3200,2,2,0,7,0,0,11,,,,
292,Flame Thrower,Defense,TID_FLAME_THROWER,TID_FLAME_THROWER_INFO,TID_FLAME_THROWER_SUBTITLE,"161000,76000,19800",3500,2,2,0,8,0,0,12,,,,
293,Flame Thrower,Defense,TID_FLAME_THROWER,TID_FLAME_THROWER_INFO,TID_FLAME_THROWER_SUBTITLE,"244000,147000,42000",3800,2,2,0,10,0,0,13,,,,
294,Flame Thrower,Defense,TID_FLAME_THROWER,TID_FLAME_THROWER_INFO,TID_FLAME_THROWER_SUBTITLE,"340000,295000,81000",4200,2,2,0,14,0,0,14,,,,
295,Flame Thrower,Defense,TID_FLAME_THROWER,TID_FLAME_THROWER_INFO,TID_FLAME_THROWER_SUBTITLE,"360000,315000,87000",4500,2,2,0,16,0,0,14,,,,
296,Flame Thrower,Defense,TID_FLAME_THROWER,TID_FLAME_THROWER_INFO,TID_FLAME_THROWER_SUBTITLE,"620000,470000,172000",4900,2,2,0,22,0,0,15,,,,
297,Flame Thrower,Defense,TID_FLAME_THROWER,TID_FLAME_THROWER_INFO,TID_FLAME_THROWER_SUBTITLE,"870000,780000,340000",5300,2,2,1,4,0,0,16,,,,
298,Flame Thrower,Defense,TID_FLAME_THROWER,TID_FLAME_THROWER_INFO,TID_FLAME_THROWER_SUBTITLE,"1320000,1090000,690000",5800,2,2,1,8,0,0,17,,,,
299,Flame Thrower,Defense,TID_FLAME_THROWER,TID_FLAME_THROWER_INFO,TID_FLAME_THROWER_SUBTITLE,"1320000,1090000,690000",6300,2,2,1,8,0,0,17,,,,
300,Flame Thrower,Defense,TID_FLAME_THROWER,TID_FLAME_THROWER_INFO,TID_FLAME_THROWER_SUBTITLE,"1710000,1560000,1020000",6900,2,2,1,12,0,0,18,,,,
301,Flame Thrower,Defense,TID_FLAME_THROWER,TID_FLAME_THROWER_INFO,TID_FLAME_THROWER_SUBTITLE,"1920000,1870000,1470000",7500,2,2,1,14,0,0,19,,,,
302,Flame Thrower,Defense,TID_FLAME_THROWER,TID_FLAME_THROWER_INFO,TID_FLAME_THROWER_SUBTITLE,"2140000,2140000,2130000",8200,2,2,1,18,0,0,20,,,,
303,Flame Thrower,Defense,TID_FLAME_THROWER,TID_FLAME_THROWER_INFO,TID_FLAME_THROWER_SUBTITLE,"2260000,2270000,2260000",8900,2,2,1,22,0,0,20,,,,
304,Command Center,Command Center,TID_BUILDING_COMMAND_CENTER,TID_BUILDING_COMMAND_CENTER_INFO,TID_BUILDING_COMMAND_CENTER_SUBTITLE,"10,10,10",9000,3,3,,,1,0,1,,,,
305,Command Center,Command Center,TID_BUILDING_COMMAND_CENTER,TID_BUILDING_COMMAND_CENTER_INFO,TID_BUILDING_COMMAND_CENTER_SUBTITLE,"120,110,85",9900,3,3,,,10,0,2,,,,
306,Command Center,Command Center,TID_BUILDING_COMMAND_CENTER,TID_BUILDING_COMMAND_CENTER_INFO,TID_BUILDING_COMMAND_CENTER_SUBTITLE,"1000,920,1080",10800,3,3,,1,0,0,3,,,,
307,Command Center,Command Center,TID_BUILDING_COMMAND_CENTER,TID_BUILDING_COMMAND_CENTER_INFO,TID_BUILDING_COMMAND_CENTER_SUBTITLE,"4100,4700,4400",12600,3,3,,2,0,0,4,,,,
308,Command Center,Command Center,TID_BUILDING_COMMAND_CENTER,TID_BUILDING_COMMAND_CENTER_INFO,TID_BUILDING_COMMAND_CENTER_SUBTITLE,"8800,8200,7700",14400,3,3,,4,0,0,5,,,,
309,Command Center,Command Center,TID_BUILDING_COMMAND_CENTER,TID_BUILDING_COMMAND_CENTER_INFO,TID_BUILDING_COMMAND_CENTER_SUBTITLE,"15000,14000,16000",16200,3,3,,6,0,0,6,,,,
310,Command Center,Command Center,TID_BUILDING_COMMAND_CENTER,TID_BUILDING_COMMAND_CENTER_INFO,TID_BUILDING_COMMAND_CENTER_SUBTITLE,"27000,30000,28000",18000,3,3,,8,0,0,7,,,,
311,Command Center,Command Center,TID_BUILDING_COMMAND_CENTER,TID_BUILDING_COMMAND_CENTER_INFO,TID_BUILDING_COMMAND_CENTER_SUBTITLE,"61000,57000,53000",20700,3,3,,10,0,0,8,,,,
312,Command Center,Command Center,TID_BUILDING_COMMAND_CENTER,TID_BUILDING_COMMAND_CENTER_INFO,TID_BUILDING_COMMAND_CENTER_SUBTITLE,"120000,120000,130000",23400,3,3,,12,0,0,9,,,,
313,Command Center,Command Center,TID_BUILDING_COMMAND_CENTER,TID_BUILDING_COMMAND_CENTER_INFO,TID_BUILDING_COMMAND_CENTER_SUBTITLE,"140000,160000,150000",26100,3,3,,14,0,0,10,,,,
314,Command Center,Command Center,TID_BUILDING_COMMAND_CENTER,TID_BUILDING_COMMAND_CENTER_INFO,TID_BUILDING_COMMAND_CENTER_SUBTITLE,"220000,200000,190000",29700,3,3,,16,0,0,11,,,,
315,Command Center,Command Center,TID_BUILDING_COMMAND_CENTER,TID_BUILDING_COMMAND_CENTER_INFO,TID_BUILDING_COMMAND_CENTER_SUBTITLE,"280000,270000,300000",34200,3,3,,18,0,0,12,,,,
316,Command Center,Command Center,TID_BUILDING_COMMAND_CENTER,TID_BUILDING_COMMAND_CENTER_INFO,TID_BUILDING_COMMAND_CENTER_SUBTITLE,"380000,430000,410000",38700,3,3,,20,0,0,13,,,,
317,Command Center,Command Center,TID_BUILDING_COMMAND_CENTER,TID_BUILDING_COMMAND_CENTER_INFO,TID_BUILDING_COMMAND_CENTER_SUBTITLE,"620000,580000,550000",43200,3,3,,22,0,0,14,,,,
318,Command Center,Command Center,TID_BUILDING_COMMAND_CENTER,TID_BUILDING_COMMAND_CENTER_INFO,TID_BUILDING_COMMAND_CENTER_SUBTITLE,"830000,780000,890000",49500,3,3,1,0,0,0,15,,,,
319,Command Center,Command Center,TID_BUILDING_COMMAND_CENTER,TID_BUILDING_COMMAND_CENTER_INFO,TID_BUILDING_COMMAND_CENTER_SUBTITLE,"1100000,1300000,1200000",55800,3,3,1,6,0,0,16,,,,
320,Command Center,Command Center,TID_BUILDING_COMMAND_CENTER,TID_BUILDING_COMMAND_CENTER_INFO,TID_BUILDING_COMMAND_CENTER_SUBTITLE,"1800000,1700000,1600000",63000,3,3,1,12,0,0,17,,,,
321,Command Center,Command Center,TID_BUILDING_COMMAND_CENTER,TID_BUILDING_COMMAND_CENTER_INFO,TID_BUILDING_COMMAND_CENTER_SUBTITLE,"2500000,2400000,2700000",72000,3,3,1,18,0,0,18,,,,
322,Command Center,Command Center,TID_BUILDING_COMMAND_CENTER,TID_BUILDING_COMMAND_CENTER_INFO,TID_BUILDING_COMMAND_CENTER_SUBTITLE,"3600000,4100000,3800000",81000,3,3,2,0,0,0,19,,,,
323,Command Center,Command Center,TID_BUILDING_COMMAND_CENTER,TID_BUILDING_COMMAND_CENTER_INFO,TID_BUILDING_COMMAND_CENTER_SUBTITLE,"5400000,5100000,4800000",90000,3,3,3,0,0,0,20,,,,
324,Cannon,Defense,TID_BUILDING_CANNON,TID_BASIC_TURRET_INFO,TID_BASIC_TURRET_SUBTITLE,"11600,2030,0",2000,2,2,0,2,0,0,6,,,,
325,Cannon,Defense,TID_BUILDING_CANNON,TID_BASIC_TURRET_INFO,TID_BASIC_TURRET_SUBTITLE,"13200,2320,0",2180,2,2,0,2,15,0,6,,,,
326,Cannon,Defense,TID_BUILDING_CANNON,TID_BASIC_TURRET_INFO,TID_BASIC_TURRET_SUBTITLE,"19600,3900,0",2370,2,2,0,2,45,0,7,,,,
327,Cannon,Defense,TID_BUILDING_CANNON,TID_BASIC_TURRET_INFO,TID_BASIC_TURRET_SUBTITLE,"32000,7100,0",2600,2,2,0,3,30,0,8,,,,
328,Cannon,Defense,TID_BUILDING_CANNON,TID_BASIC_TURRET_INFO,TID_BASIC_TURRET_SUBTITLE,"50000,12000,3200",2800,2,2,0,4,0,0,9,,,,
329,Cannon,Defense,TID_BUILDING_CANNON,TID_BASIC_TURRET_INFO,TID_BASIC_TURRET_SUBTITLE,"79000,19800,6400",3000,2,2,0,6,0,0,10,,,,
330,Cannon,Defense,TID_BUILDING_CANNON,TID_BASIC_TURRET_INFO,TID_BASIC_TURRET_SUBTITLE,"107000,39000,11200",3300,2,2,0,7,0,0,11,,,,
331,Cannon,Defense,TID_BUILDING_CANNON,TID_BASIC_TURRET_INFO,TID_BASIC_TURRET_SUBTITLE,"161000,76000,19800",3600,2,2,0,8,0,0,12,,,,
332,Cannon,Defense,TID_BUILDING_CANNON,TID_BASIC_TURRET_INFO,TID_BASIC_TURRET_SUBTITLE,"227000,136000,39000",3900,2,2,0,10,0,0,13,,,,
333,Cannon,Defense,TID_BUILDING_CANNON,TID_BASIC_TURRET_INFO,TID_BASIC_TURRET_SUBTITLE,"314000,274000,76000",4300,2,2,0,14,0,0,14,,,,
334,Cannon,Defense,TID_BUILDING_CANNON,TID_BASIC_TURRET_INFO,TID_BASIC_TURRET_SUBTITLE,"540000,410000,149000",4600,2,2,0,18,0,0,15,,,,
335,Cannon,Defense,TID_BUILDING_CANNON,TID_BASIC_TURRET_INFO,TID_BASIC_TURRET_SUBTITLE,"610000,460000,168000",5100,2,2,0,20,0,0,15,,,,
336,Cannon,Defense,TID_BUILDING_CANNON,TID_BASIC_TURRET_INFO,TID_BASIC_TURRET_SUBTITLE,"850000,760000,330000",5500,2,2,1,2,0,0,16,,,,
337,Cannon,Defense,TID_BUILDING_CANNON,TID_BASIC_TURRET_INFO,TID_BASIC_TURRET_SUBTITLE,"950000,850000,370000",6000,2,2,1,6,0,0,16,,,,
338,Cannon,Defense,TID_BUILDING_CANNON,TID_BASIC_TURRET_INFO,TID_BASIC_TURRET_SUBTITLE,"1350000,1110000,700000",6500,2,2,1,10,0,0,17,,,,
339,Cannon,Defense,TID_BUILDING_CANNON,TID_BASIC_TURRET_INFO,TID_BASIC_TURRET_SUBTITLE,"1480000,1220000,770000",7100,2,2,1,12,0,0,17,,,,
340,Cannon,Defense,TID_BUILDING_CANNON,TID_BASIC_TURRET_INFO,TID_BASIC_TURRET_SUBTITLE,"1810000,1650000,1080000",7700,2,2,1,14,0,0,18,,,,
341,Cannon,Defense,TID_BUILDING_CANNON,TID_BASIC_TURRET_INFO,TID_BASIC_TURRET_SUBTITLE,"1970000,1800000,1180000",8400,2,2,1,18,0,0,18,,,,
342,Cannon,Defense,TID_BUILDING_CANNON,TID_BASIC_TURRET_INFO,TID_BASIC_TURRET_SUBTITLE,"2220000,2160000,1700000",9100,2,2,1,20,0,0,19,,,,
343,Cannon,Defense,TID_BUILDING_CANNON,TID_BASIC_TURRET_INFO,TID_BASIC_TURRET_SUBTITLE,"2470000,2470000,2460000",9900,2,2,2,2,0,0,20,,,,
344,Tutorial HQ,TownHall,TID_BUILDING_PALACE,TID_PALACE_INFO,TID_PALACE_SUBTITLE,"20,20,20",2000,4,4,,,0,1,,"10000000,10000000,10000000,10000000",,,
345,Tutorial HQ,TownHall,TID_BUILDING_PALACE,TID_PALACE_INFO,TID_PALACE_SUBTITLE,370530315,4000,4,4,,,2,0,,"10000000,10000000,10000000,10000000",,,
346,Tutorial HQ,TownHall,TID_BUILDING_PALACE,TID_PALACE_INFO,TID_PALACE_SUBTITLE,800750700,6000,4,4,,,30,0,,"10000000,10000000,10000000,10000000",,,
347,Tutorial HQ,TownHall,TID_BUILDING_PALACE,TID_PALACE_INFO,TID_PALACE_SUBTITLE,"2260,2120,2420",14000,4,4,,2,0,0,,"10000000,10000000,10000000,10000000",,,
348,Tutorial HQ,TownHall,TID_BUILDING_PALACE,TID_PALACE_INFO,TID_PALACE_SUBTITLE,"7000,8000,7500",16000,4,4,,4,0,0,,"10000000,10000000,10000000,10000000",,,
349,Tutorial HQ,TownHall,TID_BUILDING_PALACE,TID_PALACE_INFO,TID_PALACE_SUBTITLE,"2260,2120,2421",18000,4,4,,6,0,0,,"10000000,10000000,10000000,10000000",,,
350,Tutorial HQ,TownHall,TID_BUILDING_PALACE,TID_PALACE_INFO,TID_PALACE_SUBTITLE,"7000,8000,7501",20000,4,4,,8,0,0,,"10000000,10000000,10000000,10000000",,,
351,Tutorial HQ,TownHall,TID_BUILDING_PALACE,TID_PALACE_INFO,TID_PALACE_SUBTITLE,"2260,2120,2422",23000,4,4,,10,0,0,,"10000000,10000000,10000000,10000000",,,
352,Tutorial HQ,TownHall,TID_BUILDING_PALACE,TID_PALACE_INFO,TID_PALACE_SUBTITLE,"7000,8000,7502",26000,4,4,,12,0,0,,"10000000,10000000,10000000,10000000",,,
353,Tutorial HQ,TownHall,TID_BUILDING_PALACE,TID_PALACE_INFO,TID_PALACE_SUBTITLE,"2260,2120,2423",29000,4,4,,14,0,0,,"10000000,10000000,10000000,10000000",,,
354,Tutorial HQ,TownHall,TID_BUILDING_PALACE,TID_PALACE_INFO,TID_PALACE_SUBTITLE,"7000,8000,7503",33000,4,4,,16,0,0,,"10000000,10000000,10000000,10000000",,,
355,Tutorial HQ,TownHall,TID_BUILDING_PALACE,TID_PALACE_INFO,TID_PALACE_SUBTITLE,"2260,2120,2424",38000,4,4,,18,0,0,,"10000000,10000000,10000000,10000000",,,
356,Tutorial HQ,TownHall,TID_BUILDING_PALACE,TID_PALACE_INFO,TID_PALACE_SUBTITLE,"7000,8000,7504",43000,4,4,,20,0,0,,"10000000,10000000,10000000,10000000",,,
357,Tutorial HQ,TownHall,TID_BUILDING_PALACE,TID_PALACE_INFO,TID_PALACE_SUBTITLE,"2260,2120,2425",48000,4,4,,22,0,0,,"10000000,10000000,10000000,10000000",,,
358,Tutorial HQ,TownHall,TID_BUILDING_PALACE,TID_PALACE_INFO,TID_PALACE_SUBTITLE,"7000,8000,7505",55000,4,4,,24,0,0,,"10000000,10000000,10000000,10000000",,,
359,Tutorial HQ,TownHall,TID_BUILDING_PALACE,TID_PALACE_INFO,TID_PALACE_SUBTITLE,"2260,2120,2426",62000,4,4,,26,0,0,,"10000000,10000000,10000000,10000000",,,
360,Tutorial HQ,TownHall,TID_BUILDING_PALACE,TID_PALACE_INFO,TID_PALACE_SUBTITLE,"7000,8000,7506",70000,4,4,,28,0,0,,"10000000,10000000,10000000,10000000",,,
361,Tutorial HQ,TownHall,TID_BUILDING_PALACE,TID_PALACE_INFO,TID_PALACE_SUBTITLE,"2260,2120,2427",80000,4,4,,30,0,0,,"10000000,10000000,10000000,10000000",,,
362,Tutorial HQ,TownHall,TID_BUILDING_PALACE,TID_PALACE_INFO,TID_PALACE_SUBTITLE,"7000,8000,7507",90000,4,4,,32,0,0,,"10000000,10000000,10000000,10000000",,,
363,Tutorial HQ,TownHall,TID_BUILDING_PALACE,TID_PALACE_INFO,TID_PALACE_SUBTITLE,"2260,2120,2428",100000,4,4,,34,0,0,,"10000000,10000000,10000000,10000000",,,
364,Big Bertha,Defense,TID_BUILDING_BIG_BERTHA,TID_BIG_BERTHA_INFO,TID_BIG_BERTHA_SUBTITLE,"121000,57000,14900",3500,2,2,0,6,0,0,12,,,,
365,Big Bertha,Defense,TID_BUILDING_BIG_BERTHA,TID_BIG_BERTHA_INFO,TID_BIG_BERTHA_SUBTITLE,"141000,66000,17300",3850,2,2,0,7,0,0,12,,,,
366,Big Bertha,Defense,TID_BUILDING_BIG_BERTHA,TID_BIG_BERTHA_INFO,TID_BIG_BERTHA_SUBTITLE,"198000,119000,34000",4235,2,2,0,8,0,0,13,,,,
367,Big Bertha,Defense,TID_BUILDING_BIG_BERTHA,TID_BIG_BERTHA_INFO,TID_BIG_BERTHA_SUBTITLE,"255000,153000,44000",4659,2,2,0,10,0,0,13,,,,
368,Big Bertha,Defense,TID_BUILDING_BIG_BERTHA,TID_BIG_BERTHA_INFO,TID_BIG_BERTHA_SUBTITLE,"350000,308000,85000",5125,2,2,0,16,0,0,14,,,,
369,Big Bertha,Defense,TID_BUILDING_BIG_BERTHA,TID_BIG_BERTHA_INFO,TID_BIG_BERTHA_SUBTITLE,"610000,460000,168000",5638,2,2,0,20,0,0,15,,,,
370,Big Bertha,Defense,TID_BUILDING_BIG_BERTHA,TID_BIG_BERTHA_INFO,TID_BIG_BERTHA_SUBTITLE,"850000,760000,330000",6202,2,2,1,2,0,0,16,,,,
371,Big Bertha,Defense,TID_BUILDING_BIG_BERTHA,TID_BIG_BERTHA_INFO,TID_BIG_BERTHA_SUBTITLE,"950000,850000,370000",6822,2,2,1,6,0,0,16,,,,
372,Big Bertha,Defense,TID_BUILDING_BIG_BERTHA,TID_BIG_BERTHA_INFO,TID_BIG_BERTHA_SUBTITLE,"1350000,1110000,700000",7504,2,2,1,10,0,0,17,,,,
373,Big Bertha,Defense,TID_BUILDING_BIG_BERTHA,TID_BIG_BERTHA_INFO,TID_BIG_BERTHA_SUBTITLE,"1650000,1500000,990000",8254,2,2,1,12,0,0,18,,,,
374,Big Bertha,Defense,TID_BUILDING_BIG_BERTHA,TID_BIG_BERTHA_INFO,TID_BIG_BERTHA_SUBTITLE,"1810000,1650000,1080000",9079,2,2,1,14,0,0,18,,,,
375,Big Bertha,Defense,TID_BUILDING_BIG_BERTHA,TID_BIG_BERTHA_INFO,TID_BIG_BERTHA_SUBTITLE,"2040000,1980000,1560000",9987,2,2,1,16,0,0,19,,,,
376,Big Bertha,Defense,TID_BUILDING_BIG_BERTHA,TID_BIG_BERTHA_INFO,TID_BIG_BERTHA_SUBTITLE,"2260000,2270000,2260000",10986,2,2,1,22,0,0,20,,,,
377,Big Bertha,Defense,TID_BUILDING_BIG_BERTHA,TID_BIG_BERTHA_INFO,TID_BIG_BERTHA_SUBTITLE,"2470000,2470000,2460000",12085,2,2,2,2,0,0,20,,,,
378,Boss Machine Gun,Misc,TID_BUILDING_BOSS_MACHINE_GUN,TID_BOSS_MACHINE_GUN_INFO,TID_BOSS_MACHINE_GUN_SUBTITLE,0,12000,2,2,0,0,0,0,0,,,,
379,Boss Mortar,Misc,TID_BUILDING_BOSS_MORTAR,TID_BOSS_MORTAR_INFO,TID_BOSS_MORTAR_SUBTITLE,0,10000,2,2,0,0,0,0,0,,,,
380,AI Bunker,Npc,TID_AI_BUNKER,TID_AI_BUNKER_INFO,TID_AI_BUNKER_SUBTITLE,"30,30,30",1500,2,2,,,5,0,1,,,,
381,Crates1,Npc,TID_AI_HUT,TID_AI_HUT_INFO,TID_AI_HUT_SUBTITLE,"30,30,30",320,2,2,,,5,0,1,,,,
382,Crates2,Npc,TID_AI_HUT,TID_AI_HUT_INFO,TID_AI_HUT_SUBTITLE,"30,30,30",320,2,2,,,5,0,1,,,,
383,Crates3,Npc,TID_AI_HUT,TID_AI_HUT_INFO,TID_AI_HUT_SUBTITLE,"30,30,30",320,2,2,,,5,0,1,,,,
384,Crates4,Npc,TID_AI_HUT,TID_AI_HUT_INFO,TID_AI_HUT_SUBTITLE,"30,30,30",320,2,2,,,5,0,1,,,,
385,Crates5,Npc,TID_AI_HUT,TID_AI_HUT_INFO,TID_AI_HUT_SUBTITLE,"30,30,30",320,2,2,,,5,0,1,,,,
386,Dr Terror Tank,Npc,TID_TERROR_TANK,TID_AI_HUT_INFO,TID_AI_HUT_SUBTITLE,"30,30,30",320,2,2,,,5,0,1,,,,
387,Dr Terror Hatch,Npc,TID_TERROR_HATCH,TID_AI_HUT_INFO,TID_AI_HUT_SUBTITLE,"30,30,30",320,2,2,,,5,0,1,,,,
388,Common Artifact Ice,Artifact,TID_BUILDING_ARTIFACT1_ICE,TID_ARTIFACT1_INFO,TID_ARTIFACT1_SUBTITLE,"0,0,0,0,0",0,1,1,,,0,0,1,,,,
389,Rare Artifact Ice,Artifact,TID_BUILDING_ARTIFACT2_ICE,TID_ARTIFACT1_INFO,TID_ARTIFACT1_SUBTITLE,"0,0,0,0,0",0,1,1,,,0,0,1,,,,
390,Epic Artifact Ice,Artifact,TID_BUILDING_ARTIFACT3_ICE,TID_ARTIFACT1_INFO,TID_ARTIFACT1_SUBTITLE,"0,0,0,0,0",0,1,1,,,0,0,1,,,,
391,Common Artifact Fire,Artifact,TID_BUILDING_ARTIFACT1_FIRE,TID_ARTIFACT1_INFO,TID_ARTIFACT1_SUBTITLE,"0,0,0,0,0",0,1,1,,,0,0,1,,,,
392,Rare Artifact Fire,Artifact,TID_BUILDING_ARTIFACT2_FIRE,TID_ARTIFACT1_INFO,TID_ARTIFACT1_SUBTITLE,"0,0,0,0,0",0,1,1,,,0,0,1,,,,
393,Epic Artifact Fire,Artifact,TID_BUILDING_ARTIFACT3_FIRE,TID_ARTIFACT1_INFO,TID_ARTIFACT1_SUBTITLE,"0,0,0,0,0",0,1,1,,,0,0,1,,,,
394,Common Artifact Dark,Artifact,TID_BUILDING_ARTIFACT1_DARK,TID_ARTIFACT1_INFO,TID_ARTIFACT1_SUBTITLE,"0,0,0,0,0",0,1,1,,,0,0,1,,,,
395,Rare Artifact Dark,Artifact,TID_BUILDING_ARTIFACT2_DARK,TID_ARTIFACT1_INFO,TID_ARTIFACT1_SUBTITLE,"0,0,0,0,0",0,1,1,,,0,0,1,,,,
396,Epic Artifact Dark,Artifact,TID_BUILDING_ARTIFACT3_DARK,TID_ARTIFACT1_INFO,TID_ARTIFACT1_SUBTITLE,"0,0,0,0,0",0,1,1,,,0,0,1,,,,