id,name,category,tid,info_tid,subtitle_tid,level,build_cost,hit_points,width,height,build_time_d,build_time_h,build_time_m,build_time_s,require_town_hall_level,max_stored_resource,produces_resource,resource_per_hour,resource_max,export_name
1,HQ,TownHall,TID_BUILDING_PALACE,TID_PALACE_INFO,TID_PALACE_SUBTITLE,1,"50,0,0",10000,4,4,0,0,1,0,,"3000,2000,0,0",,,,townhall_lvl1
2,HQ,TownHall,TID_BUILDING_PALACE,TID_PALACE_INFO,TID_PALACE_SUBTITLE,2,"600,0,0",11000,4,4,0,0,5,0,,"3000,2000,0,0",,,,townhall_lvl2
3,HQ,TownHall,TID_BUILDING_PALACE,TID_PALACE_INFO,TID_PALACE_SUBTITLE,3,"1900,0,0",12000,4,4,0,1,0,0,,"3000,2000,0,0",,,,townhall_lvl2
4,HQ,TownHall,TID_BUILDING_PALACE,TID_PALACE_INFO,TID_PALACE_SUBTITLE,4,"5900,0,0",14000,4,4,0,2,0,0,,"3000,2000,0,0",,,,townhall_lvl2
5,HQ,TownHall,TID_BUILDING_PALACE,TID_PALACE_INFO,TID_PALACE_SUBTITLE,5,"13000,0,0",16000,4,4,0,5,0,0,,"3000,2000,0,0",,,,townhall_lvl3
6,HQ,TownHall,TID_BUILDING_PALACE,TID_PALACE_INFO,TID_PALACE_SUBTITLE,6,"25000,0,0",18000,4,4,0,6,0,0,,"3000,2000,2000,0",,,,townhall_lvl3
7,HQ,TownHall,TID_BUILDING_PALACE,TID_PALACE_INFO,TID_PALACE_SUBTITLE,7,"33000,5800,0",20000,4,4,0,7,0,0,,"3000,2000,2000,0",,,,townhall_lvl3
8,HQ,TownHall,TID_BUILDING_PALACE,TID_PALACE_INFO,TID_PALACE_SUBTITLE,8,"49000,9800,0",23000,4,4,0,8,0,0,,"3000,2000,2000,0",,,,townhall_lvl3
9,HQ,TownHall,TID_BUILDING_PALACE,TID_PALACE_INFO,TID_PALACE_SUBTITLE,9,"81000,17800,0",26000,4,4,0,12,0,0,,"3000,2000,2000,2000",,,,townhall_lvl3
10,HQ,TownHall,TID_BUILDING_PALACE,TID_PALACE_INFO,TID_PALACE_SUBTITLE,10,"126000,30000,8000",29000,4,4,0,14,0,0,,"3000,2000,2000,2000",,,,townhall_lvl3
11,HQ,TownHall,TID_BUILDING_PALACE,TID_PALACE_INFO,TID_PALACE_SUBTITLE,11,"197000,50000,16000",33000,4,4,0,18,0,0,,"3000,2000,2000,2000",,,,townhall_lvl3
12,HQ,TownHall,TID_BUILDING_PALACE,TID_PALACE_INFO,TID_PALACE_SUBTITLE,12,"268000,97000,28000",38000,4,4,0,20,0,0,,"3000,2000,2000,2000",,,,townhall_lvl3
13,HQ,TownHall,TID_BUILDING_PALACE,TID_PALACE_INFO,TID_PALACE_SUBTITLE,13,"400000,189000,50000",43000,4,4,1,2,0,0,,"3000,2000,2000,2000",,,,townhall_lvl3
14,HQ,TownHall,TID_BUILDING_PALACE,TID_PALACE_INFO,TID_PALACE_SUBTITLE,14,"570000,340000,97000",48000,4,4,1,12,0,0,,"3000,2000,2000,2000",,,,townhall_lvl3
15,HQ,TownHall,TID_BUILDING_PALACE,TID_PALACE_INFO,TID_PALACE_SUBTITLE,15,"790000,690000,189000",55000,4,4,2,0,0,0,,"3000,2000,2000,2000",,,,townhall_lvl3
16,HQ,TownHall,TID_BUILDING_PALACE,TID_PALACE_INFO,TID_PALACE_SUBTITLE,16,"1350000,1020000,370000",62000,4,4,2,14,0,0,,"3000,2000,2000,2000",,,,townhall_lvl3
17,HQ,TownHall,TID_BUILDING_PALACE,TID_PALACE_INFO,TID_PALACE_SUBTITLE,17,"1900000,1700000,740000",70000,4,4,2,20,0,0,,"3000,2000,2000,2000",,,,townhall_lvl3
18,HQ,TownHall,TID_BUILDING_PALACE,TID_PALACE_INFO,TID_PALACE_SUBTITLE,18,"2690000,2220000,1410000",80000,4,4,3,0,0,0,,"3000,2000,2000,2000",,,,townhall_lvl3
19,HQ,TownHall,TID_BUILDING_PALACE,TID_PALACE_INFO,TID_PALACE_SUBTITLE,19,"3300000,3000000,1970000",90000,4,4,3,4,0,0,,"3000,2000,2000,2000",,,,townhall_lvl3
20,HQ,TownHall,TID_BUILDING_PALACE,TID_PALACE_INFO,TID_PALACE_SUBTITLE,20,"3700000,3600000,2830000",100000,4,4,3,12,0,0,,"3000,2000,2000,2000",,,,townhall_lvl3
21,Housing,Resource,TID_BUILDING_HOUSING,TID_HOUSING_INFO,TID_HOUSING_SUBTITLE,1,"150,0,0",1000,2,2,0,0,2,0,1,,Resource1,120,500,housing_lvl1
22,Housing,Resource,TID_BUILDING_HOUSING,TID_HOUSING_INFO,TID_HOUSING_SUBTITLE,2,"350,0,0",1200,2,2,0,0,5,0,1,,Resource1,210,1450,housing_lvl2
23,Housing,Resource,TID_BUILDING_HOUSING,TID_HOUSING_INFO,TID_HOUSING_SUBTITLE,3,"1140,0,0",1400,2,2,0,0,45,0,2,,Resource1,360,3500,housing_lvl3
24,Housing,Resource,TID_BUILDING_HOUSING,TID_HOUSING_INFO,TID_HOUSING_SUBTITLE,4,"3800,0,0",1700,2,2,0,1,45,0,3,,Resource1,590,7500,housing_lvl4
25,Housing,Resource,TID_BUILDING_HOUSING,TID_HOUSING_INFO,TID_HOUSING_SUBTITLE,5,"7800,0,0",2000,2,2,0,2,15,0,4,,Resource1,900,14700,housing_lvl5
26,Housing,Resource,TID_BUILDING_HOUSING,TID_HOUSING_INFO,TID_HOUSING_SUBTITLE,6,"19800,3500,0",2400,2,2,0,3,30,0,6,,Resource1,1300,26800,housing_lvl5
27,Housing,Resource,TID_BUILDING_HOUSING,TID_HOUSING_INFO,TID_HOUSING_SUBTITLE,7,"57000,13500,3600",2900,2,2,0,5,0,0,9,,Resource1,1800,45000,housing_lvl10
28,Housing,Resource,TID_BUILDING_HOUSING,TID_HOUSING_INFO,TID_HOUSING_SUBTITLE,8,"227000,136000,39000",3500,2,2,0,10,0,0,13,,Resource1,2400,70000,housing_lvl10
29,Housing,Resource,TID_BUILDING_HOUSING,TID_HOUSING_INFO,TID_HOUSING_SUBTITLE,9,"760000,680000,298000",4200,2,2,1,0,0,0,16,,Resource1,3000,100000,housing_lvl10
30,Housing,Resource,TID_BUILDING_HOUSING,TID_HOUSING_INFO,TID_HOUSING_SUBTITLE,10,"1480000,1440000,1130000",5000,2,2,1,6,0,0,19,,Resource1,3500,130000,housing_lvl10
31,Woodcutters Hut,Misc,TID_BUILDING_WOODCUTTER,TID_WOODCUTTERS_HUT_INFO,TID_WOODCUTTERS_HUT_SUBTITLE,1,"50,0,0",1500,4,4,0,0,5,0,1,,Resource2,120,500,sawmill_lvl1
32,Woodcutters Hut,Misc,TID_BUILDING_WOODCUTTER,TID_WOODCUTTERS_HUT_INFO,TID_WOODCUTTERS_HUT_SUBTITLE,2,"200,0,0",1800,4,4,0,0,5,0,1,,Resource2,210,1450,sawmill_lvl1
33,Woodcutters Hut,Misc,TID_BUILDING_WOODCUTTER,TID_WOODCUTTERS_HUT_INFO,TID_WOODCUTTERS_HUT_SUBTITLE,3,"600,0,0",2200,4,4,0,0,30,0,2,,Resource2,360,3500,sawmill_lvl1
34,Woodcutters Hut,Misc,TID_BUILDING_WOODCUTTER,TID_WOODCUTTERS_HUT_INFO,TID_WOODCUTTERS_HUT_SUBTITLE,4,"3500,0,0",2600,4,4,0,1,45,0,3,,Resource2,580,7500,sawmill_lvl1
35,Woodcutters Hut,Misc,TID_BUILDING_WOODCUTTER,TID_WOODCUTTERS_HUT_INFO,TID_WOODCUTTERS_HUT_SUBTITLE,5,"10000,0,0",3100,4,4,0,2,30,0,5,,Resource2,900,14700,sawmill_lvl1
36,Woodcutters Hut,Misc,TID_BUILDING_WOODCUTTER,TID_WOODCUTTERS_HUT_INFO,TID_WOODCUTTERS_HUT_SUBTITLE,6,"0,9300,0",3700,4,4,0,6,0,0,7,,Resource2,1320,26800,sawmill_lvl1
37,Woodcutters Hut,Misc,TID_BUILDING_WOODCUTTER,TID_WOODCUTTERS_HUT_INFO,TID_WOODCUTTERS_HUT_SUBTITLE,7,"0,21000,5600",4400,4,4,0,8,0,0,9,,Resource2,1800,45000,sawmill_lvl7
38,Woodcutters Hut,Misc,TID_BUILDING_WOODCUTTER,TID_WOODCUTTERS_HUT_INFO,TID_WOODCUTTERS_HUT_SUBTITLE,8,"0,95000,24800",5300,4,4,0,12,0,0,12,,Resource2,2400,70000,sawmill_lvl7
39,Woodcutters Hut,Misc,TID_BUILDING_WOODCUTTER,TID_WOODCUTTERS_HUT_INFO,TID_WOODCUTTERS_HUT_SUBTITLE,9,"0,410000,149000",6300,4,4,0,20,0,0,15,,Resource2,3000,100000,sawmill_lvl9
40,Woodcutters Hut,Misc,TID_BUILDING_WOODCUTTER,TID_WOODCUTTERS_HUT_INFO,TID_WOODCUTTERS_HUT_SUBTITLE,10,"0,670000,420000",7500,4,4,1,2,0,0,17,,Resource2,3500,130000,sawmill_lvl9
41,Stone Quarry,Resource,TID_BUILDING_STONE_QUARRY,TID_STONE_QUARRY_INFO,TID_STONE_QUARRY_SUBTITLE,1,"9800,0,0",1500,4,4,0,1,15,0,7,,Resource3,120,500,stone_quarry_lvl1
42,Stone Quarry,Resource,TID_BUILDING_STONE_QUARRY,TID_STONE_QUARRY_INFO,TID_STONE_QUARRY_SUBTITLE,2,"20300,0,0",1800,4,4,0,3,30,0,8,,Resource3,210,1450,stone_quarry_lvl1
43,Stone Quarry,Resource,TID_BUILDING_STONE_QUARRY,TID_STONE_QUARRY_INFO,TID_STONE_QUARRY_SUBTITLE,3,"31500,0,2000",2200,4,4,0,6,0,0,9,,Resource3,360,3500,stone_quarry_lvl1
44,Stone Quarry,Resource,TID_BUILDING_STONE_QUARRY,TID_STONE_QUARRY_INFO,TID_STONE_QUARRY_SUBTITLE,4,"59000,0,4800",2600,4,4,0,7,0,0,10,,Resource3,580,7500,stone_quarry_lvl1
45,Stone Quarry,Resource,TID_BUILDING_STONE_QUARRY,TID_STONE_QUARRY_INFO,TID_STONE_QUARRY_SUBTITLE,5,"80000,0,8400",3100,4,4,0,8,0,0,11,,Resource3,900,14700,stone_quarry_lvl5
46,Stone Quarry,Resource,TID_BUILDING_STONE_QUARRY,TID_STONE_QUARRY_INFO,TID_STONE_QUARRY_SUBTITLE,6,"121000,0,14900",3700,4,4,0,8,0,0,12,,Resource3,1320,26800,stone_quarry_lvl5
47,Stone Quarry,Resource,TID_BUILDING_STONE_QUARRY,TID_STONE_QUARRY_INFO,TID_STONE_QUARRY_SUBTITLE,7,"170000,0,29100",4400,4,4,0,12,0,0,13,,Resource3,1800,45000,stone_quarry_lvl5
48,Stone Quarry,Resource,TID_BUILDING_STONE_QUARRY,TID_STONE_QUARRY_INFO,TID_STONE_QUARRY_SUBTITLE,8,"236000,0,57000",5300,4,4,0,14,0,0,14,,Resource3,2400,70000,stone_quarry_lvl5
49,Stone Quarry,Resource,TID_BUILDING_STONE_QUARRY,TID_STONE_QUARRY_INFO,TID_STONE_QUARRY_SUBTITLE,9,"570000,0,223000",6300,4,4,0,20,0,0,16,,Resource3,3000,100000,stone_quarry_lvl5
50,Stone Quarry,Resource,TID_BUILDING_STONE_QUARRY,TID_STONE_QUARRY_INFO,TID_STONE_QUARRY_SUBTITLE,10,"990000,0,590000",7500,4,4,1,4,0,0,18,,Resource3,3500,130000,stone_quarry_lvl10
51,Metal Mine,Resource,TID_BUILDING_METAL_MINE,TID_METAL_MINE_INFO,TID_METAL_MINE_SUBTITLE,1,"39000,9900,0",1500,4,4,0,4,0,0,10,,Resource4,120,500,metal_mine_lvl1
52,Metal Mine,Resource,TID_BUILDING_METAL_MINE,TID_METAL_MINE_INFO,TID_METAL_MINE_SUBTITLE,2,"126000,33000,0",1800,4,4,0,7,0,0,11,,Resource4,210,1450,metal_mine_lvl1
53,Metal Mine,Resource,TID_BUILDING_METAL_MINE,TID_METAL_MINE_INFO,TID_METAL_MINE_SUBTITLE,3,"126000,63000,0",2200,4,4,0,10,0,0,12,,Resource4,360,3500,metal_mine_lvl1
54,Metal Mine,Resource,TID_BUILDING_METAL_MINE,TID_METAL_MINE_INFO,TID_METAL_MINE_SUBTITLE,4,"251000,126000,0",2600,4,4,0,14,0,0,13,,Resource4,580,7500,metal_mine_lvl1
55,Metal Mine,Resource,TID_BUILDING_METAL_MINE,TID_METAL_MINE_INFO,TID_METAL_MINE_SUBTITLE,5,"390000,261000,0",3100,4,4,0,18,0,0,14,,Resource4,900,14700,metal_mine_lvl5
56,Metal Mine,Resource,TID_BUILDING_METAL_MINE,TID_METAL_MINE_INFO,TID_METAL_MINE_SUBTITLE,6,"810000,540000,0",3700,4,4,0,20,0,0,15,,Resource4,1320,26800,metal_mine_lvl5
57,Metal Mine,Resource,TID_BUILDING_METAL_MINE,TID_METAL_MINE_INFO,TID_METAL_MINE_SUBTITLE,7,"1680000,840000,0",4400,4,4,1,0,0,0,16,,Resource4,1800,45000,metal_mine_lvl5
58,Metal Mine,Resource,TID_BUILDING_METAL_MINE,TID_METAL_MINE_INFO,TID_METAL_MINE_SUBTITLE,8,"1860000,1860000,0",5300,4,4,1,2,0,0,17,,Resource4,2400,70000,metal_mine_lvl5
59,Metal Mine,Resource,TID_BUILDING_METAL_MINE,TID_METAL_MINE_INFO,TID_METAL_MINE_SUBTITLE,9,"1980000,1980000,0",6300,4,4,1,4,0,0,18,,Resource4,3000,100000,metal_mine_lvl5
60,Metal Mine,Resource,TID_BUILDING_METAL_MINE,TID_METAL_MINE_INFO,TID_METAL_MINE_SUBTITLE,10,"2100000,2100000,0",7500,4,4,1,10,0,0,19,,Resource4,3500,130000,metal_mine_lvl10
61,Gold Storage,Resource,TID_BUILDING_GOLD_STORAGE,TID_GOLD_STORAGE_INFO,TID_GOLD_STORAGE_SUBTITLE,1,"130,0,0",1000,2,2,0,0,2,0,1,4000,,,,gold_storage_lvl1
62,Gold Storage,Resource,TID_BUILDING_GOLD_STORAGE,TID_GOLD_STORAGE_INFO,TID_GOLD_STORAGE_SUBTITLE,2,"500,0,0",1200,2,2,0,0,25,0,2,8000,,,,gold_storage_lvl1
63,Gold Storage,Resource,TID_BUILDING_GOLD_STORAGE,TID_GOLD_STORAGE_INFO,TID_GOLD_STORAGE_SUBTITLE,3,"4100,0,0",1400,2,2,0,2,0,0,3,16000,,,,gold_storage_lvl1
64,Gold Storage,Resource,TID_BUILDING_GOLD_STORAGE,TID_GOLD_STORAGE_INFO,TID_GOLD_STORAGE_SUBTITLE,4,"10400,0,0",1700,2,2,0,3,0,0,4,32000,,,,gold_storage_lvl1
65,Gold Storage,Resource,TID_BUILDING_GOLD_STORAGE,TID_GOLD_STORAGE_INFO,TID_GOLD_STORAGE_SUBTITLE,5,"20000,0,0",2000,2,2,0,4,0,0,5,64000,,,,gold_storage_lvl5
66,Gold Storage,Resource,TID_BUILDING_GOLD_STORAGE,TID_GOLD_STORAGE_INFO,TID_GOLD_STORAGE_SUBTITLE,6,"26400,4600,0",2400,2,2,0,4,0,0,6,125000,,,,gold_storage_lvl5
67,Gold Storage,Resource,TID_BUILDING_GOLD_STORAGE,TID_GOLD_STORAGE_INFO,TID_GOLD_STORAGE_SUBTITLE,7,"65000,14200,0",2900,2,2,0,7,0,0,8,250000,,,,gold_storage_lvl5
68,Gold Storage,Resource,TID_BUILDING_GOLD_STORAGE,TID_GOLD_STORAGE_INFO,TID_GOLD_STORAGE_SUBTITLE,8,"158000,40000,12800",3500,2,2,0,12,0,0,10,500000,,,,gold_storage_lvl5
69,Gold Storage,Resource,TID_BUILDING_GOLD_STORAGE,TID_GOLD_STORAGE_INFO,TID_GOLD_STORAGE_SUBTITLE,9,"450000,273000,78000",4200,2,2,0,20,0,0,13,1000000,,,,gold_storage_lvl5
70,Gold Storage,Resource,TID_BUILDING_GOLD_STORAGE,TID_GOLD_STORAGE_INFO,TID_GOLD_STORAGE_SUBTITLE,10,"1080000,820000,298000",5000,2,2,1,14,0,0,15,2000000,,,,gold_storage_lvl5
71,Wood Storage,Resource,TID_BUILDING_WOOD_STORAGE,TID_WOOD_STORAGE_INFO,TID_WOOD_STORAGE_SUBTITLE,1,"320,0,0",1000,2,2,0,0,2,0,2,"4000,0,0",,,,wood_storage_lvl1
72,Wood Storage,Resource,TID_BUILDING_WOOD_STORAGE,TID_WOOD_STORAGE_INFO,TID_WOOD_STORAGE_SUBTITLE,2,"1300,0,0",1200,2,2,0,0,10,0,3,"8000,0,0",,,,wood_storage_lvl2
73,Wood Storage,Resource,TID_BUILDING_WOOD_STORAGE,TID_WOOD_STORAGE_INFO,TID_WOOD_STORAGE_SUBTITLE,3,"3120,0,0",1400,2,2,0,1,0,0,4,"16000,0,0",,,,wood_storage_lvl3
74,Wood Storage,Resource,TID_BUILDING_WOOD_STORAGE,TID_WOOD_STORAGE_INFO,TID_WOOD_STORAGE_SUBTITLE,4,"6300,0,0",1700,2,2,0,1,30,0,5,"32000,0,0",,,,wood_storage_lvl4
75,Wood Storage,Resource,TID_BUILDING_WOOD_STORAGE,TID_WOOD_STORAGE_INFO,TID_WOOD_STORAGE_SUBTITLE,5,"12700,2550,0",2000,2,2,0,2,15,0,7,"64000,0,0",,,,wood_storage_lvl4
76,Wood Storage,Resource,TID_BUILDING_WOOD_STORAGE,TID_WOOD_STORAGE_INFO,TID_WOOD_STORAGE_SUBTITLE,6,"34000,8100,2160",2400,2,2,0,4,0,0,9,"125000,0,0",,,,wood_storage_lvl4
77,Wood Storage,Resource,TID_BUILDING_WOOD_STORAGE,TID_WOOD_STORAGE_INFO,TID_WOOD_STORAGE_SUBTITLE,7,"75000,27200,7800",2900,2,2,0,6,0,0,11,"250000,0,0",,,,wood_storage_lvl4
78,Wood Storage,Resource,TID_BUILDING_WOOD_STORAGE,TID_WOOD_STORAGE_INFO,TID_WOOD_STORAGE_SUBTITLE,8,"164000,99000,28100",3500,2,2,0,10,0,0,13,"500000,0,0",,,,wood_storage_lvl4
79,Wood Storage,Resource,TID_BUILDING_WOOD_STORAGE,TID_WOOD_STORAGE_INFO,TID_WOOD_STORAGE_SUBTITLE,9,"400000,307000,112000",4200,2,2,0,18,0,0,15,"1000000,0,0",,,,wood_storage_lvl4
80,Wood Storage,Resource,TID_BUILDING_WOOD_STORAGE,TID_WOOD_STORAGE_INFO,TID_WOOD_STORAGE_SUBTITLE,10,"570000,510000,223000",5000,2,2,1,0,0,0,16,"2000000,0,0",,,,wood_storage_lvl4
81,Stone Storage,Resource,TID_BUILDING_STONE_STORAGE,TID_STONE_STORAGE_INFO,TID_STONE_STORAGE_SUBTITLE,1,"6600,1160,0",1000,2,2,0,1,0,0,6,"0,4000,0",,,,stone_storage_lvl1
82,Stone Storage,Resource,TID_BUILDING_STONE_STORAGE,TID_STONE_STORAGE_INFO,TID_STONE_STORAGE_SUBTITLE,2,"10300,2060,0",1200,2,2,0,1,45,0,7,"0,8000,0",,,,stone_storage_lvl2
83,Stone Storage,Resource,TID_BUILDING_STONE_STORAGE,TID_STONE_STORAGE_INFO,TID_STONE_STORAGE_SUBTITLE,3,"17800,3900,0",1400,2,2,0,2,30,0,8,"0,16000,0",,,,stone_storage_lvl3
84,Stone Storage,Resource,TID_BUILDING_STONE_STORAGE,TID_STONE_STORAGE_INFO,TID_STONE_STORAGE_SUBTITLE,4,"29000,6900,1840",1700,2,2,0,3,30,0,9,"0,32000,0",,,,stone_storage_lvl3
85,Stone Storage,Resource,TID_BUILDING_STONE_STORAGE,TID_STONE_STORAGE_INFO,TID_STONE_STORAGE_SUBTITLE,5,"64000,23300,6700",2000,2,2,0,6,0,0,11,"0,64000,0",,,,stone_storage_lvl3
86,Stone Storage,Resource,TID_BUILDING_STONE_STORAGE,TID_STONE_STORAGE_INFO,TID_STONE_STORAGE_SUBTITLE,6,"101000,47000,12400",2400,2,2,0,7,0,0,12,"0,125000,0",,,,stone_storage_lvl3
87,Stone Storage,Resource,TID_BUILDING_STONE_STORAGE,TID_STONE_STORAGE_INFO,TID_STONE_STORAGE_SUBTITLE,7,"147000,89000,25200",2900,2,2,0,8,0,0,13,"0,250000,0",,,,stone_storage_lvl3
88,Stone Storage,Resource,TID_BUILDING_STONE_STORAGE,TID_STONE_STORAGE_INFO,TID_STONE_STORAGE_SUBTITLE,8,"212000,185000,51000",3500,2,2,0,14,0,0,14,"0,500000,0",,,,stone_storage_lvl3
89,Stone Storage,Resource,TID_BUILDING_STONE_STORAGE,TID_STONE_STORAGE_INFO,TID_STONE_STORAGE_SUBTITLE,9,"380000,286000,104000",4200,2,2,0,18,0,0,15,"0,1000000,0",,,,stone_storage_lvl3
90,Stone Storage,Resource,TID_BUILDING_STONE_STORAGE,TID_STONE_STORAGE_INFO,TID_STONE_STORAGE_SUBTITLE,10,"810000,670000,420000",5000,2,2,1,2,0,0,17,"0,2000000,0",,,,stone_storage_lvl3
91,Metal Storage,Resource,TID_BUILDING_METAL_STORAGE,TID_METAL_STORAGE_INFO,TID_METAL_STORAGE_SUBTITLE,1,"18900,4500,1200",1000,2,2,0,2,15,0,9,"0,0,4000",,,,metal_storage_lvl1
92,Metal Storage,Resource,TID_BUILDING_METAL_STORAGE,TID_METAL_STORAGE_INFO,TID_METAL_STORAGE_SUBTITLE,2,"21400,5100,1360",1200,2,2,0,3,0,0,9,"0,0,8000",,,,metal_storage_lvl1
93,Metal Storage,Resource,TID_BUILDING_METAL_STORAGE,TID_METAL_STORAGE_INFO,TID_METAL_STORAGE_SUBTITLE,3,"37000,9400,3040",1400,2,2,0,4,0,0,10,"0,0,16000",,,,metal_storage_lvl1
94,Metal Storage,Resource,TID_BUILDING_METAL_STORAGE,TID_METAL_STORAGE_INFO,TID_METAL_STORAGE_SUBTITLE,4,"56000,20400,5900",1700,2,2,0,5,0,0,11,"0,0,32000",,,,metal_storage_lvl1
95,Metal Storage,Resource,TID_BUILDING_METAL_STORAGE,TID_METAL_STORAGE_INFO,TID_METAL_STORAGE_SUBTITLE,5,"93000,43000,11400",2000,2,2,0,7,0,0,12,"0,0,64000",,,,metal_storage_lvl5
96,Metal Storage,Resource,TID_BUILDING_METAL_STORAGE,TID_METAL_STORAGE_INFO,TID_METAL_STORAGE_SUBTITLE,6,"189000,164000,45000",2400,2,2,0,12,0,0,14,"0,0,125000",,,,metal_storage_lvl5
97,Metal Storage,Resource,TID_BUILDING_METAL_STORAGE,TID_METAL_STORAGE_INFO,TID_METAL_STORAGE_SUBTITLE,7,"340000,256000,93000",2900,2,2,0,16,0,0,15,"0,0,250000",,,,metal_storage_lvl5
98,Metal Storage,Resource,TID_BUILDING_METAL_STORAGE,TID_METAL_STORAGE_INFO,TID_METAL_STORAGE_SUBTITLE,8,"490000,440000,193000",3500,2,2,1,0,0,0,16,"0,0,500000",,,,metal_storage_lvl5
99,Metal Storage,Resource,TID_BUILDING_METAL_STORAGE,TID_METAL_STORAGE_INFO,TID_METAL_STORAGE_SUBTITLE,9,"750000,620000,390000",4200,2,2,1,2,0,0,17,"0,0,1000000",,,,metal_storage_lvl5
100,Metal Storage,Resource,TID_BUILDING_METAL_STORAGE,TID_METAL_STORAGE_INFO,TID_METAL_STORAGE_SUBTITLE,10,"1110000,1080000,850000",5000,2,2,1,6,0,0,19,"0,0,2000000",,,,metal_storage_lvl5
101,Vault,Resource,TID_BUILDING_VAULT,TID_BUILDING_VAULT_INFO,TID_BUILDING_VAULT_SUBTITLE,1,"300,0,0",1000,2,2,0,0,5,0,2,"3000,2000,0,0",,,,safe_lvl1
102,Vault,Resource,TID_BUILDING_VAULT,TID_BUILDING_VAULT_INFO,TID_BUILDING_VAULT_SUBTITLE,2,"2070,0,0",1100,2,2,0,1,30,0,3,"6000,4000,0,0",,,,safe_lvl2
103,Vault,Resource,TID_BUILDING_VAULT,TID_BUILDING_VAULT_INFO,TID_BUILDING_VAULT_SUBTITLE,3,"4600,0,0",1200,2,2,0,2,0,0,4,"10000,6000,0,0",,,,safe_lvl2
104,Vault,Resource,TID_BUILDING_VAULT,TID_BUILDING_VAULT_INFO,TID_BUILDING_VAULT_SUBTITLE,4,"8800,0,0",1300,2,2,0,2,30,0,5,"14000,9000,0,0",,,,safe_lvl2
105,Vault,Resource,TID_BUILDING_VAULT,TID_BUILDING_VAULT_INFO,TID_BUILDING_VAULT_SUBTITLE,5,"11600,2030,0",1400,2,2,0,3,0,0,6,"18000,12000,0,0",,,,safe_lvl5
106,Vault,Resource,TID_BUILDING_VAULT,TID_BUILDING_VAULT_INFO,TID_BUILDING_VAULT_SUBTITLE,6,"17600,3500,0",1500,2,2,0,3,45,0,7,"24000,15000,3000,0",,,,safe_lvl5
107,Vault,Resource,TID_BUILDING_VAULT,TID_BUILDING_VAULT_INFO,TID_BUILDING_VAULT_SUBTITLE,7,"30000,6600,0",1600,2,2,0,4,0,0,8,"34000,18000,6000,0",,,,safe_lvl5
108,Vault,Resource,TID_BUILDING_VAULT,TID_BUILDING_VAULT_INFO,TID_BUILDING_VAULT_SUBTITLE,8,"48000,11400,3040",1700,2,2,0,6,0,0,9,"45000,23000,10000,0",,,,safe_lvl8
109,Vault,Resource,TID_BUILDING_VAULT,TID_BUILDING_VAULT_INFO,TID_BUILDING_VAULT_SUBTITLE,9,"77000,19300,6200",1900,2,2,0,8,0,0,10,"70000,30000,14000,4000",,,,safe_lvl8
110,Vault,Resource,TID_BUILDING_VAULT,TID_BUILDING_VAULT_INFO,TID_BUILDING_VAULT_SUBTITLE,10,"107000,39000,11200",2100,2,2,0,10,0,0,11,"90000,39000,18000,8000",,,,safe_lvl10
111,Vault,Resource,TID_BUILDING_VAULT,TID_BUILDING_VAULT_INFO,TID_BUILDING_VAULT_SUBTITLE,11,"165000,77000,20300",2300,2,2,0,10,0,0,12,"120000,48000,26000,13000",,,,safe_lvl10
112,Vault,Resource,TID_BUILDING_VAULT,TID_BUILDING_VAULT_INFO,TID_BUILDING_VAULT_SUBTITLE,12,"238000,143000,41000",2500,2,2,0,14,0,0,13,"140000,60000,38000,19000",,,,safe_lvl10
113,Vault,Resource,TID_BUILDING_VAULT,TID_BUILDING_VAULT_INFO,TID_BUILDING_VAULT_SUBTITLE,13,"340000,295000,81000",2700,2,2,0,20,0,0,14,"190000,80000,60000,27000",,,,safe_lvl10
114,Vault,Resource,TID_BUILDING_VAULT,TID_BUILDING_VAULT_INFO,TID_BUILDING_VAULT_SUBTITLE,14,"590000,450000,164000",2900,2,2,1,4,0,0,15,"240000,110000,90000,40000",,,,safe_lvl10
115,Vault,Resource,TID_BUILDING_VAULT,TID_BUILDING_VAULT_INFO,TID_BUILDING_VAULT_SUBTITLE,15,"850000,760000,330000",3200,2,2,1,14,0,0,16,"320000,160000,130000,60000",,,,safe_lvl10
116,Vault,Resource,TID_BUILDING_VAULT,TID_BUILDING_VAULT_INFO,TID_BUILDING_VAULT_SUBTITLE,16,"1240000,1020000,650000",3500,2,2,1,18,0,0,17,"420000,220000,200000,100000",,,,safe_lvl10
117,Vault,Resource,TID_BUILDING_VAULT,TID_BUILDING_VAULT_INFO,TID_BUILDING_VAULT_SUBTITLE,17,"1550000,1410000,930000",3800,2,2,1,22,0,0,18,"500000,300000,250000,170000",,,,safe_lvl10
118,Vault,Resource,TID_BUILDING_VAULT,TID_BUILDING_VAULT_INFO,TID_BUILDING_VAULT_SUBTITLE,18,"1780000,1730000,1360000",4100,2,2,2,2,0,0,19,"600000,360000,340000,230000",,,,safe_lvl10
119,Vault,Resource,TID_BUILDING_VAULT,TID_BUILDING_VAULT_INFO,TID_BUILDING_VAULT_SUBTITLE,19,"1810000,1760000,1390000",4500,2,2,2,2,0,0,19,"700000,410000,400000,320000",,,,safe_lvl10
120,Vault,Resource,TID_BUILDING_VAULT,TID_BUILDING_VAULT_INFO,TID_BUILDING_VAULT_SUBTITLE,20,"2060000,2060000,2050000",4900,2,2,2,8,0,0,20,"800000,450000,450000,450000",,,,safe_lvl10
121,Map Room,Army,TID_BUILDING_MAP_ROOM,TID_MAP_ROOM_INFO,TID_MAP_ROOM_SUBTITLE,1,"150,0,0",1200,3,3,0,0,2,0,1,,,,,map_room_lvl1
122,Map Room,Army,TID_BUILDING_MAP_ROOM,TID_MAP_ROOM_INFO,TID_MAP_ROOM_SUBTITLE,2,"400,0,0",1300,3,3,0,0,15,0,2,,,,,map_room_lvl2
123,Map Room,Army,TID_BUILDING_MAP_ROOM,TID_MAP_ROOM_INFO,TID_MAP_ROOM_SUBTITLE,3,"2360,0,0",1400,3,3,0,1,0,0,3,,,,,map_room_lvl2
124,Map Room,Army,TID_BUILDING_MAP_ROOM,TID_MAP_ROOM_INFO,TID_MAP_ROOM_SUBTITLE,4,"5900,0,0",1500,3,3,0,1,45,0,4,,,,,map_room_lvl2
125,Map Room,Army,TID_BUILDING_MAP_ROOM,TID_MAP_ROOM_INFO,TID_MAP_ROOM_SUBTITLE,5,"11300,0,0",1600,3,3,0,2,15,0,5,,,,,map_room_lvl2
126,Map Room,Army,TID_BUILDING_MAP_ROOM,TID_MAP_ROOM_INFO,TID_MAP_ROOM_SUBTITLE,6,"16500,2900,0",1700,3,3,0,3,0,0,6,,,,,map_room_lvl2
127,Map Room,Army,TID_BUILDING_MAP_ROOM,TID_MAP_ROOM_INFO,TID_MAP_ROOM_SUBTITLE,7,"25500,5100,0",1900,3,3,0,3,30,0,7,,,,,map_room_lvl2
128,Map Room,Army,TID_BUILDING_MAP_ROOM,TID_MAP_ROOM_INFO,TID_MAP_ROOM_SUBTITLE,8,"44000,9600,0",2100,3,3,0,4,0,0,8,,,,,map_room_lvl2
129,Map Room,Army,TID_BUILDING_MAP_ROOM,TID_MAP_ROOM_INFO,TID_MAP_ROOM_SUBTITLE,9,"71000,16800,4500",2300,3,3,0,6,0,0,9,,,,,map_room_lvl2
130,Map Room,Army,TID_BUILDING_MAP_ROOM,TID_MAP_ROOM_INFO,TID_MAP_ROOM_SUBTITLE,10,"114000,28700,9300",2500,3,3,0,8,0,0,10,,,,,map_room_lvl2
131,Map Room,Army,TID_BUILDING_MAP_ROOM,TID_MAP_ROOM_INFO,TID_MAP_ROOM_SUBTITLE,11,"161000,58000,16800",2700,3,3,0,10,0,0,11,,,,,map_room_lvl2
132,Map Room,Army,TID_BUILDING_MAP_ROOM,TID_MAP_ROOM_INFO,TID_MAP_ROOM_SUBTITLE,12,"249000,117000,30700",2900,3,3,0,12,0,0,12,,,,,map_room_lvl2
133,Map Room,Army,TID_BUILDING_MAP_ROOM,TID_MAP_ROOM_INFO,TID_MAP_ROOM_SUBTITLE,13,"360000,218000,62000",3200,3,3,0,16,0,0,13,,,,,map_room_lvl2
134,Map Room,Army,TID_BUILDING_MAP_ROOM,TID_MAP_ROOM_INFO,TID_MAP_ROOM_SUBTITLE,14,"520000,450000,125000",3500,3,3,0,22,0,0,14,,,,,map_room_lvl2
135,Map Room,Army,TID_BUILDING_MAP_ROOM,TID_MAP_ROOM_INFO,TID_MAP_ROOM_SUBTITLE,15,"910000,700000,254000",3800,3,3,1,8,0,0,15,,,,,map_room_lvl2
136,Map Room,Army,TID_BUILDING_MAP_ROOM,TID_MAP_ROOM_INFO,TID_MAP_ROOM_SUBTITLE,16,"1330000,1190000,520000",4100,3,3,1,18,0,0,16,,,,,map_room_lvl2
137,Map Room,Army,TID_BUILDING_MAP_ROOM,TID_MAP_ROOM_INFO,TID_MAP_ROOM_SUBTITLE,17,"1940000,1600000,1010000",4500,3,3,2,0,0,0,17,,,,,map_room_lvl2
138,Map Room,Army,TID_BUILDING_MAP_ROOM,TID_MAP_ROOM_INFO,TID_MAP_ROOM_SUBTITLE,18,"2430000,2220000,1460000",4900,3,3,2,4,0,0,18,,,,,map_room_lvl2
139,Map Room,Army,TID_BUILDING_MAP_ROOM,TID_MAP_ROOM_INFO,TID_MAP_ROOM_SUBTITLE,19,"2810000,2740000,2150000",5300,3,3,2,8,0,0,19,,,,,map_room_lvl2
140,Map Room,Army,TID_BUILDING_MAP_ROOM,TID_MAP_ROOM_INFO,TID_MAP_ROOM_SUBTITLE,20,"3200000,3200000,3200000",5800,3,3,2,16,0,0,20,,,,,map_room_lvl2
141,Artifact Workshop,Army,TID_BUILDING_ARTIFACT_WORKSHOP,TID_ARTIFACT_WORKSHOP_INFO,TID_ARTIFACT_WORKSHOP_SUBTITLE,1,"3000,0,0",1400,3,3,0,0,30,0,5,,,,,artifact_workshop_lvl1
142,Artifact Workshop,Army,TID_BUILDING_ARTIFACT_WORKSHOP,TID_ARTIFACT_WORKSHOP_INFO,TID_ARTIFACT_WORKSHOP_SUBTITLE,2,"29400,5900,0",1800,3,3,0,4,0,0,7,,,,,artifact_workshop_lvl1
143,Artifact Workshop,Army,TID_BUILDING_ARTIFACT_WORKSHOP,TID_ARTIFACT_WORKSHOP_INFO,TID_ARTIFACT_WORKSHOP_SUBTITLE,3,"88000,21000,5600",2300,3,3,0,8,0,0,9,,,,,artifact_workshop_lvl1
144,Artifact Workshop,Army,TID_BUILDING_ARTIFACT_WORKSHOP,TID_ARTIFACT_WORKSHOP_INFO,TID_ARTIFACT_WORKSHOP_SUBTITLE,4,"320000,151000,40000",2900,3,3,0,16,0,0,12,,,,,artifact_workshop_lvl1
145,Artifact Workshop,Army,TID_BUILDING_ARTIFACT_WORKSHOP,TID_ARTIFACT_WORKSHOP_INFO,TID_ARTIFACT_WORKSHOP_SUBTITLE,5,"670000,580000,161000",3600,3,3,1,6,0,0,14,,,,,artifact_workshop_lvl1
146,Artifact Workshop,Army,TID_BUILDING_ARTIFACT_WORKSHOP,TID_ARTIFACT_WORKSHOP_INFO,TID_ARTIFACT_WORKSHOP_SUBTITLE,6,"1710000,1530000,670000",4500,3,3,2,6,0,1,16,,,,,artifact_workshop_lvl1
147,Artifact Workshop,Army,TID_BUILDING_ARTIFACT_WORKSHOP,TID_ARTIFACT_WORKSHOP_INFO,TID_ARTIFACT_WORKSHOP_SUBTITLE,7,"3060000,2790000,1830000",5700,3,3,2,18,0,2,18,,,,,artifact_workshop_lvl1
148,Artifact Workshop,Army,TID_BUILDING_ARTIFACT_WORKSHOP,TID_ARTIFACT_WORKSHOP_INFO,TID_ARTIFACT_WORKSHOP_SUBTITLE,8,"3900000,3900000,3900000",7200,3,3,3,6,0,3,20,,,,,artifact_workshop_lvl1
149,Gunboat,Misc,TID_BUILDING_GUNSHIP,TID_BUILDING_GUNSHIP_INFO,TID_BUILDING_GUNSHIP_SUBTITLE,1,"50,0,0",0,2,2,0,0,1,0,1,,,,,gunboat_lvl1
150,Gunboat,Misc,TID_BUILDING_GUNSHIP,TID_BUILDING_GUNSHIP_INFO,TID_BUILDING_GUNSHIP_SUBTITLE,2,"180,0,0",0,2,2,0,0,2,0,1,,,,,gunboat_lvl1
151,Gunboat,Misc,TID_BUILDING_GUNSHIP,TID_BUILDING_GUNSHIP_INFO,TID_BUILDING_GUNSHIP_SUBTITLE,3,"1240,0,0",0,2,2,0,0,30,0,2,,,,,gunboat_lvl1
152,Gunboat,Misc,TID_BUILDING_GUNSHIP,TID_BUILDING_GUNSHIP_INFO,TID_BUILDING_GUNSHIP_SUBTITLE,4,"4500,0,0",0,2,2,0,1,45,0,3,,,,,gunboat_lvl1
153,Gunboat,Misc,TID_BUILDING_GUNSHIP,TID_BUILDING_GUNSHIP_INFO,TID_BUILDING_GUNSHIP_SUBTITLE,5,"10000,0,0",0,2,2,0,3,0,0,4,,,,,gunboat_lvl1
154,Gunboat,Misc,TID_BUILDING_GUNSHIP,TID_BUILDING_GUNSHIP_INFO,TID_BUILDING_GUNSHIP_SUBTITLE,6,"19800,0,0",0,2,2,0,3,45,0,5,,,,,gunboat_lvl1
155,Gunboat,Misc,TID_BUILDING_GUNSHIP,TID_BUILDING_GUNSHIP_INFO,TID_BUILDING_GUNSHIP_SUBTITLE,7,"26400,4600,0",0,2,2,0,4,0,0,6,,,,,gunboat_lvl1
156,Gunboat,Misc,TID_BUILDING_GUNSHIP,TID_BUILDING_GUNSHIP_INFO,TID_BUILDING_GUNSHIP_SUBTITLE,8,"40000,7900,0",0,2,2,0,5,0,0,7,,,,,gunboat_lvl1
157,Gunboat,Misc,TID_BUILDING_GUNSHIP,TID_BUILDING_GUNSHIP_INFO,TID_BUILDING_GUNSHIP_SUBTITLE,9,"66000,14600,0",0,2,2,0,7,0,0,8,,,,,gunboat_lvl1
158,Gunboat,Misc,TID_BUILDING_GUNSHIP,TID_BUILDING_GUNSHIP_INFO,TID_BUILDING_GUNSHIP_SUBTITLE,10,"105000,24900,6600",0,2,2,0,8,0,0,9,,,,,gunboat_lvl1
159,Gunboat,Misc,TID_BUILDING_GUNSHIP,TID_BUILDING_GUNSHIP_INFO,TID_BUILDING_GUNSHIP_SUBTITLE,11,"166000,42000,13400",0,2,2,0,12,0,0,10,,,,,gunboat_lvl1
160,Gunboat,Misc,TID_BUILDING_GUNSHIP,TID_BUILDING_GUNSHIP_INFO,TID_BUILDING_GUNSHIP_SUBTITLE,12,"228000,82000,23800",0,2,2,0,14,0,0,11,,,,,gunboat_lvl1
161,Gunboat,Misc,TID_BUILDING_GUNSHIP,TID_BUILDING_GUNSHIP_INFO,TID_BUILDING_GUNSHIP_SUBTITLE,13,"350000,163000,43000",0,2,2,0,16,0,0,12,,,,,gunboat_lvl1
162,Gunboat,Misc,TID_BUILDING_GUNSHIP,TID_BUILDING_GUNSHIP_INFO,TID_BUILDING_GUNSHIP_SUBTITLE,14,"490000,297000,84000",0,2,2,0,22,0,0,13,,,,,gunboat_lvl1
163,Gunboat,Misc,TID_BUILDING_GUNSHIP,TID_BUILDING_GUNSHIP_INFO,TID_BUILDING_GUNSHIP_SUBTITLE,15,"690000,600000,166000",0,2,2,1,6,0,0,14,,,,,gunboat_lvl1
164,Gunboat,Misc,TID_BUILDING_GUNSHIP,TID_BUILDING_GUNSHIP_INFO,TID_BUILDING_GUNSHIP_SUBTITLE,16,"1200000,910000,330000",0,2,2,1,18,0,0,15,,,,,gunboat_lvl1
165,Gunboat,Misc,TID_BUILDING_GUNSHIP,TID_BUILDING_GUNSHIP_INFO,TID_BUILDING_GUNSHIP_SUBTITLE,17,"1710000,1530000,670000",0,2,2,2,6,0,0,16,,,,,gunboat_lvl1
166,Gunboat,Misc,TID_BUILDING_GUNSHIP,TID_BUILDING_GUNSHIP_INFO,TID_BUILDING_GUNSHIP_SUBTITLE,18,"2450000,2020000,1280000",0,2,2,2,12,0,0,17,,,,,gunboat_lvl1
167,Gunboat,Misc,TID_BUILDING_GUNSHIP,TID_BUILDING_GUNSHIP_INFO,TID_BUILDING_GUNSHIP_SUBTITLE,19,"3030000,2760000,1810000",0,2,2,2,18,0,0,18,,,,,gunboat_lvl1
168,Gunboat,Misc,TID_BUILDING_GUNSHIP,TID_BUILDING_GUNSHIP_INFO,TID_BUILDING_GUNSHIP_SUBTITLE,20,"3400000,3300000,2630000",0,2,2,2,22,0,0,19,,,,,gunboat_lvl1
169,Barrels,Npc,TID_AI_HUT,TID_AI_HUT_INFO,TID_AI_HUT_SUBTITLE,1,"30,30,30",320,2,2,,,5,0,1,,,,,npc_barrels
170,Boat,Army,TID_BUILDING_LANDING_SHIP,TID_BUILDING_LANDING_SHIP_INFO,TID_BUILDING_LANDING_SHIP_SUBTITLE,1,"150,0,0",0,2,2,0,0,0,3,1,,,,,boat_lvl1
171,Boat,Army,TID_BUILDING_LANDING_SHIP,TID_BUILDING_LANDING_SHIP_INFO,TID_BUILDING_LANDING_SHIP_SUBTITLE,2,"250,0,0",0,2,2,0,0,2,0,1,,,,,boat_lvl2
172,Boat,Army,TID_BUILDING_LANDING_SHIP,TID_BUILDING_LANDING_SHIP_INFO,TID_BUILDING_LANDING_SHIP_SUBTITLE,3,"3200,0,0",0,2,2,0,0,45,0,3,,,,,boat_lvl3
173,Boat,Army,TID_BUILDING_LANDING_SHIP,TID_BUILDING_LANDING_SHIP_INFO,TID_BUILDING_LANDING_SHIP_SUBTITLE,4,"9400,0,0",0,2,2,0,1,30,0,4,,,,,boat_lvl4
174,Boat,Army,TID_BUILDING_LANDING_SHIP,TID_BUILDING_LANDING_SHIP_INFO,TID_BUILDING_LANDING_SHIP_SUBTITLE,5,"18300,0,0",0,2,2,0,2,0,0,5,,,,,boat_lvl4
175,Boat,Army,TID_BUILDING_LANDING_SHIP,TID_BUILDING_LANDING_SHIP_INFO,TID_BUILDING_LANDING_SHIP_SUBTITLE,6,"24400,4300,0",0,2,2,0,2,30,0,6,,,,,boat_lvl4
176,Boat,Army,TID_BUILDING_LANDING_SHIP,TID_BUILDING_LANDING_SHIP_INFO,TID_BUILDING_LANDING_SHIP_SUBTITLE,7,"37000,7400,0",0,2,2,0,3,0,0,7,,,,,boat_lvl4
177,Boat,Army,TID_BUILDING_LANDING_SHIP,TID_BUILDING_LANDING_SHIP_INFO,TID_BUILDING_LANDING_SHIP_SUBTITLE,8,"62000,13500,0",0,2,2,0,4,0,0,8,,,,,boat_lvl4
178,Boat,Army,TID_BUILDING_LANDING_SHIP,TID_BUILDING_LANDING_SHIP_INFO,TID_BUILDING_LANDING_SHIP_SUBTITLE,9,"97000,23100,6200",0,2,2,0,5,0,0,9,,,,,boat_lvl4
179,Boat,Army,TID_BUILDING_LANDING_SHIP,TID_BUILDING_LANDING_SHIP_INFO,TID_BUILDING_LANDING_SHIP_SUBTITLE,10,"154000,39000,12500",0,2,2,0,7,0,0,10,,,,,boat_lvl10
180,Boat,Army,TID_BUILDING_LANDING_SHIP,TID_BUILDING_LANDING_SHIP_INFO,TID_BUILDING_LANDING_SHIP_SUBTITLE,11,"212000,77000,22100",0,2,2,0,8,0,0,11,,,,,boat_lvl10
181,Boat,Army,TID_BUILDING_LANDING_SHIP,TID_BUILDING_LANDING_SHIP_INFO,TID_BUILDING_LANDING_SHIP_SUBTITLE,12,"320000,151000,40000",0,2,2,0,8,0,0,12,,,,,boat_lvl10
182,Boat,Army,TID_BUILDING_LANDING_SHIP,TID_BUILDING_LANDING_SHIP_INFO,TID_BUILDING_LANDING_SHIP_SUBTITLE,13,"460000,276000,79000",0,2,2,0,12,0,0,13,,,,,boat_lvl10
183,Boat,Army,TID_BUILDING_LANDING_SHIP,TID_BUILDING_LANDING_SHIP_INFO,TID_BUILDING_LANDING_SHIP_SUBTITLE,14,"640000,560000,155000",0,2,2,0,16,0,0,14,,,,,boat_lvl10
184,Boat,Army,TID_BUILDING_LANDING_SHIP,TID_BUILDING_LANDING_SHIP_INFO,TID_BUILDING_LANDING_SHIP_SUBTITLE,15,"1120000,850000,310000",0,2,2,0,22,0,0,15,,,,,boat_lvl15
185,Boat,Army,TID_BUILDING_LANDING_SHIP,TID_BUILDING_LANDING_SHIP_INFO,TID_BUILDING_LANDING_SHIP_SUBTITLE,16,"1590000,1430000,620000",0,2,2,1,6,0,0,16,,,,,boat_lvl15
186,Boat,Army,TID_BUILDING_LANDING_SHIP,TID_BUILDING_LANDING_SHIP_INFO,TID_BUILDING_LANDING_SHIP_SUBTITLE,17,"2290000,1890000,1200000",0,2,2,1,10,0,0,17,,,,,boat_lvl15
187,Boat,Army,TID_BUILDING_LANDING_SHIP,TID_BUILDING_LANDING_SHIP_INFO,TID_BUILDING_LANDING_SHIP_SUBTITLE,18,"2830000,2580000,1690000",0,2,2,1,12,0,0,18,,,,,boat_lvl15
188,Boat,Army,TID_BUILDING_LANDING_SHIP,TID_BUILDING_LANDING_SHIP_INFO,TID_BUILDING_LANDING_SHIP_SUBTITLE,19,"3200000,3130000,2460000",0,2,2,1,14,0,0,19,,,,,boat_lvl15
189,Boat,Army,TID_BUILDING_LANDING_SHIP,TID_BUILDING_LANDING_SHIP_INFO,TID_BUILDING_LANDING_SHIP_SUBTITLE,20,"3600000,3600000,3600000",0,2,2,1,20,0,0,20,,,,,boat_lvl20
190,Laboratory,Army,TID_BUILDING_LABORATORY,TID_LABORATORY_INFO,TID_LABORATORY_SUBTITLE,1,"2600,0,0",1200,3,3,0,0,45,0,4,,,,,laboratory_lvl1
191,Laboratory,Army,TID_BUILDING_LABORATORY,TID_LABORATORY_INFO,TID_LABORATORY_SUBTITLE,2,"10000,0,0",1300,3,3,0,2,0,0,5,,,,,laboratory_lvl2
192,Laboratory,Army,TID_BUILDING_LABORATORY,TID_LABORATORY_INFO,TID_LABORATORY_SUBTITLE,3,"19800,3500,0",1400,3,3,0,3,30,0,6,,,,,laboratory_lvl3
193,Laboratory,Army,TID_BUILDING_LABORATORY,TID_LABORATORY_INFO,TID_LABORATORY_SUBTITLE,4,"29400,5900,0",1500,3,3,0,4,0,0,7,,,,,laboratory_lvl4
194,Laboratory,Army,TID_BUILDING_LABORATORY,TID_LABORATORY_INFO,TID_LABORATORY_SUBTITLE,5,"49000,10700,0",1600,3,3,0,5,0,0,8,,,,,laboratory_lvl5
195,Laboratory,Army,TID_BUILDING_LABORATORY,TID_LABORATORY_INFO,TID_LABORATORY_SUBTITLE,6,"76000,18000,4800",1700,3,3,0,7,0,0,9,,,,,laboratory_lvl6
196,Laboratory,Army,TID_BUILDING_LABORATORY,TID_LABORATORY_INFO,TID_LABORATORY_SUBTITLE,7,"118000,29700,9600",1900,3,3,0,8,0,0,10,,,,,laboratory_lvl7
197,Laboratory,Army,TID_BUILDING_LABORATORY,TID_LABORATORY_INFO,TID_LABORATORY_SUBTITLE,8,"161000,58000,16800",2100,3,3,0,10,0,0,11,,,,,laboratory_lvl8
198,Laboratory,Army,TID_BUILDING_LABORATORY,TID_LABORATORY_INFO,TID_LABORATORY_SUBTITLE,9,"174000,63000,18200",2300,3,3,0,10,0,0,11,,,,,laboratory_lvl9
199,Laboratory,Army,TID_BUILDING_LABORATORY,TID_LABORATORY_INFO,TID_LABORATORY_SUBTITLE,10,"261000,123000,32000",2500,3,3,0,12,0,0,12,,,,,laboratory_lvl10
200,Laboratory,Army,TID_BUILDING_LABORATORY,TID_LABORATORY_INFO,TID_LABORATORY_SUBTITLE,11,"370000,222000,63000",2700,3,3,0,16,0,0,13,,,,,laboratory_lvl11
201,Laboratory,Army,TID_BUILDING_LABORATORY,TID_LABORATORY_INFO,TID_LABORATORY_SUBTITLE,12,"550000,480000,132000",2900,3,3,1,0,0,0,14,,,,,laboratory_lvl12
202,Laboratory,Army,TID_BUILDING_LABORATORY,TID_LABORATORY_INFO,TID_LABORATORY_SUBTITLE,13,"590000,510000,142000",3200,3,3,1,2,0,0,14,,,,,laboratory_lvl13
203,Laboratory,Army,TID_BUILDING_LABORATORY,TID_LABORATORY_INFO,TID_LABORATORY_SUBTITLE,14,"1010000,770000,280000",3500,3,3,1,12,0,0,15,,,,,laboratory_lvl14
204,Laboratory,Army,TID_BUILDING_LABORATORY,TID_LABORATORY_INFO,TID_LABORATORY_SUBTITLE,15,"1420000,1270000,560000",3800,3,3,1,22,0,0,16,,,,,laboratory_lvl15
205,Laboratory,Army,TID_BUILDING_LABORATORY,TID_LABORATORY_INFO,TID_LABORATORY_SUBTITLE,16,"1520000,1360000,600000",4100,3,3,2,0,0,0,16,,,,,laboratory_lvl16
206,Laboratory,Army,TID_BUILDING_LABORATORY,TID_LABORATORY_INFO,TID_LABORATORY_SUBTITLE,17,"2150000,1780000,1130000",4500,3,3,2,6,0,0,17,,,,,laboratory_lvl17
207,Laboratory,Army,TID_BUILDING_LABORATORY,TID_LABORATORY_INFO,TID_LABORATORY_SUBTITLE,18,"2630000,2400000,1580000",4900,3,3,2,8,0,0,18,,,,,laboratory_lvl18
208,Laboratory,Army,TID_BUILDING_LABORATORY,TID_LABORATORY_INFO,TID_LABORATORY_SUBTITLE,19,"2960000,2880000,2260000",5300,3,3,2,12,0,0,19,,,,,laboratory_lvl19
209,Laboratory,Army,TID_BUILDING_LABORATORY,TID_LABORATORY_INFO,TID_LABORATORY_SUBTITLE,20,"3300000,3300000,3300000",5800,3,3,2,18,0,0,20,,,,,laboratory_lvl20
210,Wall,Wall,TID_BUILDING_WALL,TID_WALL_INFO,TID_WALL_SUBTITLE,1,0,0,3,3,,,0,0,3,,,,,wall_lvl1
211,Guard Tower,Defense,TID_GUARD_TOWER,TID_GUARD_TOWER_INFO,TID_GUARD_TOWER_SUBTITLE,1,"100,0,0",1700,2,2,0,0,0,3,1,,,,,tower_turret_lvl1
212,Guard Tower,Defense,TID_GUARD_TOWER,TID_GUARD_TOWER_INFO,TID_GUARD_TOWER_SUBTITLE,2,"200,0,0",1850,2,2,0,0,5,0,1,,,,,tower_turret_lvl2
213,Guard Tower,Defense,TID_GUARD_TOWER,TID_GUARD_TOWER_INFO,TID_GUARD_TOWER_SUBTITLE,3,"760,0,0",2010,2,2,0,0,20,0,2,,,,,tower_turret_lvl2
214,Guard Tower,Defense,TID_GUARD_TOWER,TID_GUARD_TOWER_INFO,TID_GUARD_TOWER_SUBTITLE,4,"2070,0,0",2190,2,2,0,1,0,0,3,,,,,tower_turret_lvl4
215,Guard Tower,Defense,TID_GUARD_TOWER,TID_GUARD_TOWER_INFO,TID_GUARD_TOWER_SUBTITLE,5,"4700,0,0",2380,2,2,0,1,15,0,4,,,,,tower_turret_lvl4
216,Guard Tower,Defense,TID_GUARD_TOWER,TID_GUARD_TOWER_INFO,TID_GUARD_TOWER_SUBTITLE,6,"9300,0,0",2600,2,2,0,1,45,0,5,,,,,tower_turret_lvl4
217,Guard Tower,Defense,TID_GUARD_TOWER,TID_GUARD_TOWER_INFO,TID_GUARD_TOWER_SUBTITLE,7,"12500,2200,0",2800,2,2,0,2,15,0,6,,,,,tower_turret_lvl7
218,Guard Tower,Defense,TID_GUARD_TOWER,TID_GUARD_TOWER_INFO,TID_GUARD_TOWER_SUBTITLE,8,"19100,3800,0",3100,2,2,0,2,30,0,7,,,,,tower_turret_lvl7
219,Guard Tower,Defense,TID_GUARD_TOWER,TID_GUARD_TOWER_INFO,TID_GUARD_TOWER_SUBTITLE,9,"32000,7100,0",3300,2,2,0,3,30,0,8,,,,,tower_turret_lvl7
220,Guard Tower,Defense,TID_GUARD_TOWER,TID_GUARD_TOWER_INFO,TID_GUARD_TOWER_SUBTITLE,10,"52000,12300,3300",3600,2,2,0,4,0,0,9,,,,,tower_turret_lvl7
221,Guard Tower,Defense,TID_GUARD_TOWER,TID_GUARD_TOWER_INFO,TID_GUARD_TOWER_SUBTITLE,11,"83000,20800,6700",4000,2,2,0,6,0,0,10,,,,,tower_turret_lvl7
222,Guard Tower,Defense,TID_GUARD_TOWER,TID_GUARD_TOWER_INFO,TID_GUARD_TOWER_SUBTITLE,12,"115000,42000,12000",4300,2,2,0,7,0,0,11,,,,,tower_turret_lvl7
223,Guard Tower,Defense,TID_GUARD_TOWER,TID_GUARD_TOWER_INFO,TID_GUARD_TOWER_SUBTITLE,13,"177000,83000,21800",4700,2,2,0,8,0,0,12,,,,,tower_turret_lvl7
224,Guard Tower,Defense,TID_GUARD_TOWER,TID_GUARD_TOWER_INFO,TID_GUARD_TOWER_SUBTITLE,14,"255000,153000,44000",5100,2,2,0,10,0,0,13,,,,,tower_turret_lvl7
225,Guard Tower,Defense,TID_GUARD_TOWER,TID_GUARD_TOWER_INFO,TID_GUARD_TOWER_SUBTITLE,15,"360000,315000,87000",5500,2,2,0,16,0,0,14,,,,,tower_turret_lvl7
226,Guard Tower,Defense,TID_GUARD_TOWER,TID_GUARD_TOWER_INFO,TID_GUARD_TOWER_SUBTITLE,16,"630000,480000,175000",6000,2,2,0,22,0,0,15,,,,,tower_turret_lvl7
227,Guard Tower,Defense,TID_GUARD_TOWER,TID_GUARD_TOWER_INFO,TID_GUARD_TOWER_SUBTITLE,17,"910000,810000,360000",6600,2,2,1,4,0,0,16,,,,,tower_turret_lvl7
228,Guard Tower,Defense,TID_GUARD_TOWER,TID_GUARD_TOWER_INFO,TID_GUARD_TOWER_SUBTITLE,18,"1320000,1090000,690000",7100,2,2,1,8,0,0,17,,,,,tower_turret_lvl7
229,Guard Tower,Defense,TID_GUARD_TOWER,TID_GUARD_TOWER_INFO,TID_GUARD_TOWER_SUBTITLE,19,"1650000,1500000,990000",7800,2,2,1,12,0,0,18,,,,,tower_turret_lvl7
230,Guard Tower,Defense,TID_GUARD_TOWER,TID_GUARD_TOWER_INFO,TID_GUARD_TOWER_SUBTITLE,20,"2100000,2100000,2090000",8400,2,2,1,18,0,0,20,,,,,tower_turret_lvl7
231,Mortar,Defense,TID_BUILDING_MORTAR,TID_MORTAR_INFO,TID_MORTAR_SUBTITLE,1,"1180,0,0",2000,2,2,0,0,30,0,3,,,,,mortar_lvl1
232,Mortar,Defense,TID_BUILDING_MORTAR,TID_MORTAR_INFO,TID_MORTAR_SUBTITLE,2,"2360,0,0",2180,2,2,0,1,0,0,3,,,,,mortar_lvl2
233,Mortar,Defense,TID_BUILDING_MORTAR,TID_MORTAR_INFO,TID_MORTAR_SUBTITLE,3,"5900,0,0",2370,2,2,0,1,45,0,4,,,,,mortar_lvl2
234,Mortar,Defense,TID_BUILDING_MORTAR,TID_MORTAR_INFO,TID_MORTAR_SUBTITLE,4,"11500,0,0",2600,2,2,0,2,15,0,5,,,,,mortar_lvl3
235,Mortar,Defense,TID_BUILDING_MORTAR,TID_MORTAR_INFO,TID_MORTAR_SUBTITLE,5,"15500,2730,0",2800,2,2,0,2,45,0,6,,,,,mortar_lvl3
236,Mortar,Defense,TID_BUILDING_MORTAR,TID_MORTAR_INFO,TID_MORTAR_SUBTITLE,6,"23500,4700,0",3000,2,2,0,3,15,0,7,,,,,mortar_lvl0
237,Mortar,Defense,TID_BUILDING_MORTAR,TID_MORTAR_INFO,TID_MORTAR_SUBTITLE,7,"40000,8700,0",3300,2,2,0,4,0,0,8,,,,,mortar_lvl0
238,Mortar,Defense,TID_BUILDING_MORTAR,TID_MORTAR_INFO,TID_MORTAR_SUBTITLE,8,"63000,15000,4000",3600,2,2,0,6,0,0,9,,,,,mortar_lvl0
239,Mortar,Defense,TID_BUILDING_MORTAR,TID_MORTAR_INFO,TID_MORTAR_SUBTITLE,9,"101000,25200,8200",3900,2,2,0,7,0,0,10,,,,,mortar_lvl0
240,Mortar,Defense,TID_BUILDING_MORTAR,TID_MORTAR_INFO,TID_MORTAR_SUBTITLE,10,"140000,50000,14600",4300,2,2,0,8,0,0,11,,,,,mortar_lvl0
241,Mortar,Defense,TID_BUILDING_MORTAR,TID_MORTAR_INFO,TID_MORTAR_SUBTITLE,11,"217000,102000,26700",4600,2,2,0,10,0,0,12,,,,,mortar_lvl0
242,Mortar,Defense,TID_BUILDING_MORTAR,TID_MORTAR_INFO,TID_MORTAR_SUBTITLE,12,"320000,191000,54000",5100,2,2,0,14,0,0,13,,,,,mortar_lvl0
243,Mortar,Defense,TID_BUILDING_MORTAR,TID_MORTAR_INFO,TID_MORTAR_SUBTITLE,13,"460000,400000,110000",5500,2,2,0,20,0,0,14,,,,,mortar_lvl0
244,Mortar,Defense,TID_BUILDING_MORTAR,TID_MORTAR_INFO,TID_MORTAR_SUBTITLE,14,"810000,610000,224000",6000,2,2,1,4,0,0,15,,,,,mortar_lvl0
245,Mortar,Defense,TID_BUILDING_MORTAR,TID_MORTAR_INFO,TID_MORTAR_SUBTITLE,15,"1180000,1050000,460000",6500,2,2,1,14,0,0,16,,,,,mortar_lvl0
246,Mortar,Defense,TID_BUILDING_MORTAR,TID_MORTAR_INFO,TID_MORTAR_SUBTITLE,16,"1720000,1420000,900000",7100,2,2,1,18,0,0,17,,,,,mortar_lvl0
247,Mortar,Defense,TID_BUILDING_MORTAR,TID_MORTAR_INFO,TID_MORTAR_SUBTITLE,17,"2170000,1980000,1300000",7700,2,2,1,22,0,0,18,,,,,mortar_lvl0
248,Mortar,Defense,TID_BUILDING_MORTAR,TID_MORTAR_INFO,TID_MORTAR_SUBTITLE,18,"2520000,2450000,1920000",8400,2,2,2,2,0,0,19,,,,,mortar_lvl0
249,Mortar,Defense,TID_BUILDING_MORTAR,TID_MORTAR_INFO,TID_MORTAR_SUBTITLE,19,"2880000,2880000,2870000",9100,2,2,2,10,0,0,20,,,,,mortar_lvl0
250,Mortar,Defense,TID_BUILDING_MORTAR,TID_MORTAR_INFO,TID_MORTAR_SUBTITLE,20,"2960000,2970000,2950000",9900,2,2,2,12,0,0,20,,,,,mortar_lvl0
251,Machine Gun Nest,Defense,TID_MACHINE_GUN_NEST,TID_MACHINE_GUN_NEST_INFO,TID_MACHINE_GUN_NEST_SUBTITLE,1,"3300,0,0",1600,2,2,0,1,0,0,4,,,,,machinegun_turret_lvl1
252,Machine Gun Nest,Defense,TID_MACHINE_GUN_NEST,TID_MACHINE_GUN_NEST_INFO,TID_MACHINE_GUN_NEST_SUBTITLE,2,"4600,0,0",1740,2,2,0,1,15,0,4,,,,,machinegun_turret_lvl2
253,Machine Gun Nest,Defense,TID_MACHINE_GUN_NEST,TID_MACHINE_GUN_NEST_INFO,TID_MACHINE_GUN_NEST_SUBTITLE,3,"8800,0,0",1890,2,2,0,1,45,0,5,,,,,machinegun_turret_lvl2
254,Machine Gun Nest,Defense,TID_MACHINE_GUN_NEST,TID_MACHINE_GUN_NEST_INFO,TID_MACHINE_GUN_NEST_SUBTITLE,4,"10000,0,0",2060,2,2,0,2,0,0,5,,,,,machinegun_turret_lvl2
255,Machine Gun Nest,Defense,TID_MACHINE_GUN_NEST,TID_MACHINE_GUN_NEST_INFO,TID_MACHINE_GUN_NEST_SUBTITLE,5,"13200,2320,0",2240,2,2,0,2,15,0,6,,,,,machinegun_turret_lvl2
256,Machine Gun Nest,Defense,TID_MACHINE_GUN_NEST,TID_MACHINE_GUN_NEST_INFO,TID_MACHINE_GUN_NEST_SUBTITLE,6,"14900,2610,0",2440,2,2,0,2,30,0,6,,,,,machinegun_turret_lvl2
257,Machine Gun Nest,Defense,TID_MACHINE_GUN_NEST,TID_MACHINE_GUN_NEST_INFO,TID_MACHINE_GUN_NEST_SUBTITLE,7,"22500,4500,0",2700,2,2,0,3,0,0,7,,,,,machine_gun_turret_lvl0
258,Machine Gun Nest,Defense,TID_MACHINE_GUN_NEST,TID_MACHINE_GUN_NEST_INFO,TID_MACHINE_GUN_NEST_SUBTITLE,8,"38000,8400,0",2900,2,2,0,4,0,0,8,,,,,machine_gun_turret_lvl0
259,Machine Gun Nest,Defense,TID_MACHINE_GUN_NEST,TID_MACHINE_GUN_NEST_INFO,TID_MACHINE_GUN_NEST_SUBTITLE,9,"60000,14400,3800",3100,2,2,0,5,0,0,9,,,,,machine_gun_turret_lvl0
260,Machine Gun Nest,Defense,TID_MACHINE_GUN_NEST,TID_MACHINE_GUN_NEST_INFO,TID_MACHINE_GUN_NEST_SUBTITLE,10,"97000,24300,7800",3400,2,2,0,7,0,0,10,,,,,machine_gun_turret_lvl0
261,Machine Gun Nest,Defense,TID_MACHINE_GUN_NEST,TID_MACHINE_GUN_NEST_INFO,TID_MACHINE_GUN_NEST_SUBTITLE,11,"134000,49000,14000",3700,2,2,0,8,0,0,11,,,,,machine_gun_turret_lvl0
262,Machine Gun Nest,Defense,TID_MACHINE_GUN_NEST,TID_MACHINE_GUN_NEST_INFO,TID_MACHINE_GUN_NEST_SUBTITLE,12,"205000,96000,25200",4000,2,2,0,10,0,0,12,,,,,machine_gun_turret_lvl0
263,Machine Gun Nest,Defense,TID_MACHINE_GUN_NEST,TID_MACHINE_GUN_NEST_INFO,TID_MACHINE_GUN_NEST_SUBTITLE,13,"295000,177000,50000",4400,2,2,0,12,0,0,13,,,,,machine_gun_turret_lvl0
264,Machine Gun Nest,Defense,TID_MACHINE_GUN_NEST,TID_MACHINE_GUN_NEST_INFO,TID_MACHINE_GUN_NEST_SUBTITLE,14,"420000,360000,100000",4800,2,2,0,18,0,0,14,,,,,machine_gun_turret_lvl0
265,Machine Gun Nest,Defense,TID_MACHINE_GUN_NEST,TID_MACHINE_GUN_NEST_INFO,TID_MACHINE_GUN_NEST_SUBTITLE,15,"730000,550000,201000",5200,2,2,1,0,0,0,15,,,,,machine_gun_turret_lvl0
266,Machine Gun Nest,Defense,TID_MACHINE_GUN_NEST,TID_MACHINE_GUN_NEST_INFO,TID_MACHINE_GUN_NEST_SUBTITLE,16,"1040000,930000,410000",5700,2,2,1,10,0,0,16,,,,,machine_gun_turret_lvl0
267,Machine Gun Nest,Defense,TID_MACHINE_GUN_NEST,TID_MACHINE_GUN_NEST_INFO,TID_MACHINE_GUN_NEST_SUBTITLE,17,"1510000,1240000,790000",6200,2,2,1,14,0,0,17,,,,,machine_gun_turret_lvl0
268,Machine Gun Nest,Defense,TID_MACHINE_GUN_NEST,TID_MACHINE_GUN_NEST_INFO,TID_MACHINE_GUN_NEST_SUBTITLE,18,"1880000,1710000,1120000",6700,2,2,1,16,0,0,18,,,,,machine_gun_turret_lvl0
269,Machine Gun Nest,Defense,TID_MACHINE_GUN_NEST,TID_MACHINE_GUN_NEST_INFO,TID_MACHINE_GUN_NEST_SUBTITLE,19,"2150000,2090000,1640000",7300,2,2,1,20,0,0,19,,,,,machine_gun_turret_lvl0
270,Machine Gun Nest,Defense,TID_MACHINE_GUN_NEST,TID_MACHINE_GUN_NEST_INFO,TID_MACHINE_GUN_NEST_SUBTITLE,20,"2430000,2430000,2420000",7900,2,2,2,0,0,0,20,,,,,machine_gun_turret_lvl0
271,Missile Launcher,Defense,TID_MISSILE_LAUNCHER,TID_MISSILE_LAUNCHER_INFO,TID_MISSILE_LAUNCHER_SUBTITLE,1,"142000,85000,24300",4000,2,2,0,6,0,0,13,,,,,missile_launcher_lvl1
272,Missile Launcher,Defense,TID_MISSILE_LAUNCHER,TID_MISSILE_LAUNCHER_INFO,TID_MISSILE_LAUNCHER_SUBTITLE,2,"198000,119000,34000",4400,2,2,0,8,0,0,13,,,,,missile_launcher_lvl1
273,Missile Launcher,Defense,TID_MISSILE_LAUNCHER,TID_MISSILE_LAUNCHER_INFO,TID_MISSILE_LAUNCHER_SUBTITLE,3,"275000,240000,66000",4800,2,2,0,12,0,0,14,,,,,missile_launcher_lvl1
274,Missile Launcher,Defense,TID_MISSILE_LAUNCHER,TID_MISSILE_LAUNCHER_INFO,TID_MISSILE_LAUNCHER_SUBTITLE,4,"275000,240000,66000",5200,2,2,0,12,0,0,14,,,,,missile_launcher_lvl1
275,Missile Launcher,Defense,TID_MISSILE_LAUNCHER,TID_MISSILE_LAUNCHER_INFO,TID_MISSILE_LAUNCHER_SUBTITLE,5,"540000,410000,149000",5700,2,2,0,18,0,0,15,,,,,missile_launcher_lvl1
276,Missile Launcher,Defense,TID_MISSILE_LAUNCHER,TID_MISSILE_LAUNCHER_INFO,TID_MISSILE_LAUNCHER_SUBTITLE,6,"760000,680000,298000",6300,2,2,1,0,0,0,16,,,,,missile_launcher_lvl1
277,Missile Launcher,Defense,TID_MISSILE_LAUNCHER,TID_MISSILE_LAUNCHER_INFO,TID_MISSILE_LAUNCHER_SUBTITLE,7,"850000,760000,330000",6900,2,2,1,2,0,0,16,,,,,missile_launcher_lvl1
278,Missile Launcher,Defense,TID_MISSILE_LAUNCHER,TID_MISSILE_LAUNCHER_INFO,TID_MISSILE_LAUNCHER_SUBTITLE,8,"1210000,1000000,630000",7500,2,2,1,6,0,0,17,,,,,missile_launcher_lvl1
279,Missile Launcher,Defense,TID_MISSILE_LAUNCHER,TID_MISSILE_LAUNCHER_INFO,TID_MISSILE_LAUNCHER_SUBTITLE,9,"1480000,1350000,890000",8200,2,2,1,8,0,0,18,,,,,missile_launcher_lvl1
280,Missile Launcher,Defense,TID_MISSILE_LAUNCHER,TID_MISSILE_LAUNCHER_INFO,TID_MISSILE_LAUNCHER_SUBTITLE,10,"1850000,1800000,1420000",9000,2,2,1,14,0,0,19,,,,,missile_launcher_lvl1
281,Missile Launcher,Defense,TID_MISSILE_LAUNCHER,TID_MISSILE_LAUNCHER_INFO,TID_MISSILE_LAUNCHER_SUBTITLE,11,"1850000,1800000,1420000",9800,2,2,1,14,0,0,19,,,,,missile_launcher_lvl1
282,Missile Launcher,Defense,TID_MISSILE_LAUNCHER,TID_MISSILE_LAUNCHER_INFO,TID_MISSILE_LAUNCHER_SUBTITLE,12,"2060000,2060000,2050000",10700,2,2,1,18,0,0,20,,,,,missile_launcher_lvl1
283,Missile Launcher,Defense,TID_MISSILE_LAUNCHER,TID_MISSILE_LAUNCHER_INFO,TID_MISSILE_LAUNCHER_SUBTITLE,13,"2470000,2470000,2460000",11800,2,2,2,2,0,0,20,,,,,missile_launcher_lvl1
284,Flame Thrower,Defense,TID_FLAME_THROWER,TID_FLAME_THROWER_INFO,TID_FLAME_THROWER_SUBTITLE,1,"31500,7500,2000",2300,2,2,0,3,0,0,9,,,,,flame_thrower_lvl1
285,Flame Thrower,Defense,TID_FLAME_THROWER,TID_FLAME_THROWER_INFO,TID_FLAME_THROWER_SUBTITLE,2,"44000,10500,2800",2500,2,2,0,4,0,0,9,,,,,flame_thrower_lvl1
286,Flame Thrower,Defense,TID_FLAME_THROWER,TID_FLAME_THROWER_INFO,TID_FLAME_THROWER_SUBTITLE,3,"69000,17300,5600",2700,2,2,0,5,0,0,10,,,,,flame_thrower_lvl1
287,Flame Thrower,Defense,TID_FLAME_THROWER,TID_FLAME_THROWER_INFO,TID_FLAME_THROWER_SUBTITLE,4,"94000,34000,9800",3000,2,2,0,6,0,0,11,,,,,flame_thrower_lvl1
288,Flame Thrower,Defense,TID_FLAME_THROWER,TID_FLAME_THROWER_INFO,TID_FLAME_THROWER_SUBTITLE,5,"107000,39000,11200",3200,2,2,0,7,0,0,11,,,,,flame_thrower_lvl1
289,Flame Thrower,Defense,TID_FLAME_THROWER,TID_FLAME_THROWER_INFO,TID_FLAME_THROWER_SUBTITLE,6,"161000,76000,19800",3500,2,2,0,8,0,0,12,,,,,flame_thrower_lvl1
290,Flame Thrower,Defense,TID_FLAME_THROWER,TID_FLAME_THROWER_INFO,TID_FLAME_THROWER_SUBTITLE,7,"244000,147000,42000",3800,2,2,0,10,0,0,13,,,,,flame_thrower_lvl1
291,Flame Thrower,Defense,TID_FLAME_THROWER,TID_FLAME_THROWER_INFO,TID_FLAME_THROWER_SUBTITLE,8,"340000,295000,81000",4200,2,2,0,14,0,0,14,,,,,flame_thrower_lvl1
292,Flame Thrower,Defense,TID_FLAME_THROWER,TID_FLAME_THROWER_INFO,TID_FLAME_THROWER_SUBTITLE,9,"360000,315000,87000",4500,2,2,0,16,0,0,14,,,,,flame_thrower_lvl1
293,Flame Thrower,Defense,TID_FLAME_THROWER,TID_FLAME_THROWER_INFO,TID_FLAME_THROWER_SUBTITLE,10,"620000,470000,172000",4900,2,2,0,22,0,0,15,,,,,flame_thrower_lvl1
294,Flame Thrower,Defense,TID_FLAME_THROWER,TID_FLAME_THROWER_INFO,TID_FLAME_THROWER_SUBTITLE,11,"870000,780000,340000",5300,2,2,1,4,0,0,16,,,,,flame_thrower_lvl1
295,Flame Thrower,Defense,TID_FLAME_THROWER,TID_FLAME_THROWER_INFO,TID_FLAME_THROWER_SUBTITLE,12,"1320000,1090000,690000",5800,2,2,1,8,0,0,17,,,,,flame_thrower_lvl1
296,Flame Thrower,Defense,TID_FLAME_THROWER,TID_FLAME_THROWER_INFO,TID_FLAME_THROWER_SUBTITLE,13,"1320000,1090000,690000",6300,2,2,1,8,0,0,17,,,,,flame_thrower_lvl1
297,Flame Thrower,Defense,TID_FLAME_THROWER,TID_FLAME_THROWER_INFO,TID_FLAME_THROWER_SUBTITLE,14,"1710000,1560000,1020000",6900,2,2,1,12,0,0,18,,,,,flame_thrower_lvl1
298,Flame Thrower,Defense,TID_FLAME_THROWER,TID_FLAME_THROWER_INFO,TID_FLAME_THROWER_SUBTITLE,15,"1920000,1870000,1470000",7500,2,2,1,14,0,0,19,,,,,flame_thrower_lvl1
299,Flame Thrower,Defense,TID_FLAME_THROWER,TID_FLAME_THROWER_INFO,TID_FLAME_THROWER_SUBTITLE,16,"2140000,2140000,2130000",8200,2,2,1,18,0,0,20,,,,,flame_thrower_lvl1
300,Flame Thrower,Defense,TID_FLAME_THROWER,TID_FLAME_THROWER_INFO,TID_FLAME_THROWER_SUBTITLE,17,"2260000,2270000,2260000",8900,2,2,1,22,0,0,20,,,,,flame_thrower_lvl1
301,Command Center,Command Center,TID_BUILDING_COMMAND_CENTER,TID_BUILDING_COMMAND_CENTER_INFO,TID_BUILDING_COMMAND_CENTER_SUBTITLE,1,"10,10,10",9000,3,3,,,1,0,1,,,,,command_center_lvl1
302,Command Center,Command Center,TID_BUILDING_COMMAND_CENTER,TID_BUILDING_COMMAND_CENTER_INFO,TID_BUILDING_COMMAND_CENTER_SUBTITLE,2,"120,110,85",9900,3,3,,,10,0,2,,,,,command_center_lvl1
303,Command Center,Command Center,TID_BUILDING_COMMAND_CENTER,TID_BUILDING_COMMAND_CENTER_INFO,TID_BUILDING_COMMAND_CENTER_SUBTITLE,3,"1000,920,1080",10800,3,3,,1,0,0,3,,,,,command_center_lvl1
304,Command Center,Command Center,TID_BUILDING_COMMAND_CENTER,TID_BUILDING_COMMAND_CENTER_INFO,TID_BUILDING_COMMAND_CENTER_SUBTITLE,4,"4100,4700,4400",12600,3,3,,2,0,0,4,,,,,command_center_lvl1
305,Command Center,Command Center,TID_BUILDING_COMMAND_CENTER,TID_BUILDING_COMMAND_CENTER_INFO,TID_BUILDING_COMMAND_CENTER_SUBTITLE,5,"8800,8200,7700",14400,3,3,,4,0,0,5,,,,,command_center_lvl1
306,Command Center,Command Center,TID_BUILDING_COMMAND_CENTER,TID_BUILDING_COMMAND_CENTER_INFO,TID_BUILDING_COMMAND_CENTER_SUBTITLE,6,"15000,14000,16000",16200,3,3,,6,0,0,6,,,,,command_center_lvl1
307,Command Center,Command Center,TID_BUILDING_COMMAND_CENTER,TID_BUILDING_COMMAND_CENTER_INFO,TID_BUILDING_COMMAND_CENTER_SUBTITLE,7,"27000,30000,28000",18000,3,3,,8,0,0,7,,,,,command_center_lvl1
308,Command Center,Command Center,TID_BUILDING_COMMAND_CENTER,TID_BUILDING_COMMAND_CENTER_INFO,TID_BUILDING_COMMAND_CENTER_SUBTITLE,8,"61000,57000,53000",20700,3,3,,10,0,0,8,,,,,command_center_lvl1
309,Command Center,Command Center,TID_BUILDING_COMMAND_CENTER,TID_BUILDING_COMMAND_CENTER_INFO,TID_BUILDING_COMMAND_CENTER_SUBTITLE,9,"120000,120000,130000",23400,3,3,,12,0,0,9,,,,,command_center_lvl1
310,Command Center,Command Center,TID_BUILDING_COMMAND_CENTER,TID_BUILDING_COMMAND_CENTER_INFO,TID_BUILDING_COMMAND_CENTER_SUBTITLE,10,"140000,160000,150000",26100,3,3,,14,0,0,10,,,,,command_center_lvl1
311,Command Center,Command Center,TID_BUILDING_COMMAND_CENTER,TID_BUILDING_COMMAND_CENTER_INFO,TID_BUILDING_COMMAND_CENTER_SUBTITLE,11,"220000,200000,190000",29700,3,3,,16,0,0,11,,,,,command_center_lvl1
312,Command Center,Command Center,TID_BUILDING_COMMAND_CENTER,TID_BUILDING_COMMAND_CENTER_INFO,TID_BUILDING_COMMAND_CENTER_SUBTITLE,12,"280000,270000,300000",34200,3,3,,18,0,0,12,,,,,command_center_lvl1
313,Command Center,Command Center,TID_BUILDING_COMMAND_CENTER,TID_BUILDING_COMMAND_CENTER_INFO,TID_BUILDING_COMMAND_CENTER_SUBTITLE,13,"380000,430000,410000",38700,3,3,,20,0,0,13,,,,,command_center_lvl1
314,Command Center,Command Center,TID_BUILDING_COMMAND_CENTER,TID_BUILDING_COMMAND_CENTER_INFO,TID_BUILDING_COMMAND_CENTER_SUBTITLE,14,"620000,580000,550000",43200,3,3,,22,0,0,14,,,,,command_center_lvl1
315,Command Center,Command Center,TID_BUILDING_COMMAND_CENTER,TID_BUILDING_COMMAND_CENTER_INFO,TID_BUILDING_COMMAND_CENTER_SUBTITLE,15,"830000,780000,890000",49500,3,3,1,0,0,0,15,,,,,command_center_lvl1
316,Command Center,Command Center,TID_BUILDING_COMMAND_CENTER,TID_BUILDING_COMMAND_CENTER_INFO,TID_BUILDING_COMMAND_CENTER_SUBTITLE,16,"1100000,1300000,1200000",55800,3,3,1,6,0,0,16,,,,,command_center_lvl1
317,Command Center,Command Center,TID_BUILDING_COMMAND_CENTER,TID_BUILDING_COMMAND_CENTER_INFO,TID_BUILDING_COMMAND_CENTER_SUBTITLE,17,"1800000,1700000,1600000",63000,3,3,1,12,0,0,17,,,,,command_center_lvl1
318,Command Center,Command Center,TID_BUILDING_COMMAND_CENTER,TID_BUILDING_COMMAND_CENTER_INFO,TID_BUILDING_COMMAND_CENTER_SUBTITLE,18,"2500000,2400000,2700000",72000,3,3,1,18,0,0,18,,,,,command_center_lvl1
319,Command Center,Command Center,TID_BUILDING_COMMAND_CENTER,TID_BUILDING_COMMAND_CENTER_INFO,TID_BUILDING_COMMAND_CENTER_SUBTITLE,19,"3600000,4100000,3800000",81000,3,3,2,0,0,0,19,,,,,command_center_lvl1
320,Command Center,Command Center,TID_BUILDING_COMMAND_CENTER,TID_BUILDING_COMMAND_CENTER_INFO,TID_BUILDING_COMMAND_CENTER_SUBTITLE,20,"5400000,5100000,4800000",90000,3,3,3,0,0,0,20,,,,,command_center_lvl1
321,Cannon,Defense,TID_BUILDING_CANNON,TID_BASIC_TURRET_INFO,TID_BASIC_TURRET_SUBTITLE,1,"11600,2030,0",2000,2,2,0,2,0,0,6,,,,,basic_cannon_lvl1
322,Cannon,Defense,TID_BUILDING_CANNON,TID_BASIC_TURRET_INFO,TID_BASIC_TURRET_SUBTITLE,2,"13200,2320,0",2180,2,2,0,2,15,0,6,,,,,basic_cannon_lvl2
323,Cannon,Defense,TID_BUILDING_CANNON,TID_BASIC_TURRET_INFO,TID_BASIC_TURRET_SUBTITLE,3,"19600,3900,0",2370,2,2,0,2,45,0,7,,,,,basic_cannon_lvl3
324,Cannon,Defense,TID_BUILDING_CANNON,TID_BASIC_TURRET_INFO,TID_BASIC_TURRET_SUBTITLE,4,"32000,7100,0",2600,2,2,0,3,30,0,8,,,,,basic_cannon_lvl4
325,Cannon,Defense,TID_BUILDING_CANNON,TID_BASIC_TURRET_INFO,TID_BASIC_TURRET_SUBTITLE,5,"50000,12000,3200",2800,2,2,0,4,0,0,9,,,,,basic_cannon_lvl5
326,Cannon,Defense,TID_BUILDING_CANNON,TID_BASIC_TURRET_INFO,TID_BASIC_TURRET_SUBTITLE,6,"79000,19800,6400",3000,2,2,0,6,0,0,10,,,,,basic_cannon_lvl6
327,Cannon,Defense,TID_BUILDING_CANNON,TID_BASIC_TURRET_INFO,TID_BASIC_TURRET_SUBTITLE,7,"107000,39000,11200",3300,2,2,0,7,0,0,11,,,,,basic_cannon_lvl7
328,Cannon,Defense,TID_BUILDING_CANNON,TID_BASIC_TURRET_INFO,TID_BASIC_TURRET_SUBTITLE,8,"161000,76000,19800",3600,2,2,0,8,0,0,12,,,,,basic_cannon_lvl8
329,Cannon,Defense,TID_BUILDING_CANNON,TID_BASIC_TURRET_INFO,TID_BASIC_TURRET_SUBTITLE,9,"227000,136000,39000",3900,2,2,0,10,0,0,13,,,,,basic_cannon_lvl9
330,Cannon,Defense,TID_BUILDING_CANNON,TID_BASIC_TURRET_INFO,TID_BASIC_TURRET_SUBTITLE,10,"314000,274000,76000",4300,2,2,0,14,0,0,14,,,,,basic_cannon_lvl10
331,Cannon,Defense,TID_BUILDING_CANNON,TID_BASIC_TURRET_INFO,TID_BASIC_TURRET_SUBTITLE,11,"540000,410000,149000",4600,2,2,0,18,0,0,15,,,,,basic_cannon_lvl11
332,Cannon,Defense,TID_BUILDING_CANNON,TID_BASIC_TURRET_INFO,TID_BASIC_TURRET_SUBTITLE,12,"610000,460000,168000",5100,2,2,0,20,0,0,15,,,,,basic_cannon_lvl12
333,Cannon,Defense,TID_BUILDING_CANNON,TID_BASIC_TURRET_INFO,TID_BASIC_TURRET_SUBTITLE,13,"850000,760000,330000",5500,2,2,1,2,0,0,16,,,,,basic_cannon_lvl13
334,Cannon,Defense,TID_BUILDING_CANNON,TID_BASIC_TURRET_INFO,TID_BASIC_TURRET_SUBTITLE,14,"950000,850000,370000",6000,2,2,1,6,0,0,16,,,,,basic_cannon_lvl14
335,Cannon,Defense,TID_BUILDING_CANNON,TID_BASIC_TURRET_INFO,TID_BASIC_TURRET_SUBTITLE,15,"1350000,1110000,700000",6500,2,2,1,10,0,0,17,,,,,basic_cannon_lvl14
336,Cannon,Defense,TID_BUILDING_CANNON,TID_BASIC_TURRET_INFO,TID_BASIC_TURRET_SUBTITLE,16,"1480000,1220000,770000",7100,2,2,1,12,0,0,17,,,,,basic_cannon_lvl14
337,Cannon,Defense,TID_BUILDING_CANNON,TID_BASIC_TURRET_INFO,TID_BASIC_TURRET_SUBTITLE,17,"1810000,1650000,1080000",7700,2,2,1,14,0,0,18,,,,,basic_cannon_lvl14
338,Cannon,Defense,TID_BUILDING_CANNON,TID_BASIC_TURRET_INFO,TID_BASIC_TURRET_SUBTITLE,18,"1970000,1800000,1180000",8400,2,2,1,18,0,0,18,,,,,basic_cannon_lvl14
339,Cannon,Defense,TID_BUILDING_CANNON,TID_BASIC_TURRET_INFO,TID_BASIC_TURRET_SUBTITLE,19,"2220000,2160000,1700000",9100,2,2,1,20,0,0,19,,,,,basic_cannon_lvl14
340,Cannon,Defense,TID_BUILDING_CANNON,TID_BASIC_TURRET_INFO,TID_BASIC_TURRET_SUBTITLE,20,"2470000,2470000,2460000",9900,2,2,2,2,0,0,20,,,,,basic_cannon_lvl14
341,Tutorial HQ,TownHall,TID_BUILDING_PALACE,TID_PALACE_INFO,TID_PALACE_SUBTITLE,1,"20,20,20",2000,4,4,,,0,1,,"10000000,10000000,10000000,10000000",,,,townhall_lvl1
342,Tutorial HQ,TownHall,TID_BUILDING_PALACE,TID_PALACE_INFO,TID_PALACE_SUBTITLE,2,370530315,4000,4,4,,,2,0,,"10000000,10000000,10000000,10000000",,,,townhall_lvl2
343,Tutorial HQ,TownHall,TID_BUILDING_PALACE,TID_PALACE_INFO,TID_PALACE_SUBTITLE,3,800750700,6000,4,4,,,30,0,,"10000000,10000000,10000000,10000000",,,,townhall_lvl2
344,Tutorial HQ,TownHall,TID_BUILDING_PALACE,TID_PALACE_INFO,TID_PALACE_SUBTITLE,4,"2260,2120,2420",14000,4,4,,2,0,0,,"10000000,10000000,10000000,10000000",,,,townhall_lvl2
345,Tutorial HQ,TownHall,TID_BUILDING_PALACE,TID_PALACE_INFO,TID_PALACE_SUBTITLE,5,"7000,8000,7500",16000,4,4,,4,0,0,,"10000000,10000000,10000000,10000000",,,,townhall_lvl3
346,Tutorial HQ,TownHall,TID_BUILDING_PALACE,TID_PALACE_INFO,TID_PALACE_SUBTITLE,6,"2260,2120,2421",18000,4,4,,6,0,0,,"10000000,10000000,10000000,10000000",,,,townhall_lvl3
347,Tutorial HQ,TownHall,TID_BUILDING_PALACE,TID_PALACE_INFO,TID_PALACE_SUBTITLE,7,"7000,8000,7501",20000,4,4,,8,0,0,,"10000000,10000000,10000000,10000000",,,,townhall_lvl3
348,Tutorial HQ,TownHall,TID_BUILDING_PALACE,TID_PALACE_INFO,TID_PALACE_SUBTITLE,8,"2260,2120,2422",23000,4,4,,10,0,0,,"10000000,10000000,10000000,10000000",,,,townhall_lvl3
349,Tutorial HQ,TownHall,TID_BUILDING_PALACE,TID_PALACE_INFO,TID_PALACE_SUBTITLE,9,"7000,8000,7502",26000,4,4,,12,0,0,,"10000000,10000000,10000000,10000000",,,,townhall_lvl3
350,Tutorial HQ,TownHall,TID_BUILDING_PALACE,TID_PALACE_INFO,TID_PALACE_SUBTITLE,10,"2260,2120,2423",29000,4,4,,14,0,0,,"10000000,10000000,10000000,10000000",,,,townhall_lvl3
351,Tutorial HQ,TownHall,TID_BUILDING_PALACE,TID_PALACE_INFO,TID_PALACE_SUBTITLE,11,"7000,8000,7503",33000,4,4,,16,0,0,,"10000000,10000000,10000000,10000000",,,,townhall_lvl3
352,Tutorial HQ,TownHall,TID_BUILDING_PALACE,TID_PALACE_INFO,TID_PALACE_SUBTITLE,12,"2260,2120,2424",38000,4,4,,18,0,0,,"10000000,10000000,10000000,10000000",,,,townhall_lvl3
353,Tutorial HQ,TownHall,TID_BUILDING_PALACE,TID_PALACE_INFO,TID_PALACE_SUBTITLE,13,"7000,8000,7504",43000,4,4,,20,0,0,,"10000000,10000000,10000000,10000000",,,,townhall_lvl3
354,Tutorial HQ,TownHall,TID_BUILDING_PALACE,TID_PALACE_INFO,TID_PALACE_SUBTITLE,14,"2260,2120,2425",48000,4,4,,22,0,0,,"10000000,10000000,10000000,10000000",,,,townhall_lvl3
355,Tutorial HQ,TownHall,TID_BUILDING_PALACE,TID_PALACE_INFO,TID_PALACE_SUBTITLE,15,"7000,8000,7505",55000,4,4,,24,0,0,,"10000000,10000000,10000000,10000000",,,,townhall_lvl3
356,Tutorial HQ,TownHall,TID_BUILDING_PALACE,TID_PALACE_INFO,TID_PALACE_SUBTITLE,16,"2260,2120,2426",62000,4,4,,26,0,0,,"10000000,10000000,10000000,10000000",,,,townhall_lvl3
357,Tutorial HQ,TownHall,TID_BUILDING_PALACE,TID_PALACE_INFO,TID_PALACE_SUBTITLE,17,"7000,8000,7506",70000,4,4,,28,0,0,,"10000000,10000000,10000000,10000000",,,,townhall_lvl3
358,Tutorial HQ,TownHall,TID_BUILDING_PALACE,TID_PALACE_INFO,TID_PALACE_SUBTITLE,18,"2260,2120,2427",80000,4,4,,30,0,0,,"10000000,10000000,10000000,10000000",,,,townhall_lvl3
359,Tutorial HQ,TownHall,TID_BUILDING_PALACE,TID_PALACE_INFO,TID_PALACE_SUBTITLE,19,"7000,8000,7507",90000,4,4,,32,0,0,,"10000000,10000000,10000000,10000000",,,,townhall_lvl3
360,Tutorial HQ,TownHall,TID_BUILDING_PALACE,TID_PALACE_INFO,TID_PALACE_SUBTITLE,20,"2260,2120,2428",100000,4,4,,34,0,0,,"10000000,10000000,10000000,10000000",,,,townhall_lvl3
361,Big Bertha,Defense,TID_BUILDING_BIG_BERTHA,TID_BIG_BERTHA_INFO,TID_BIG_BERTHA_SUBTITLE,1,"121000,57000,14900",3500,2,2,0,6,0,0,12,,,,,boom_cannon_lvl1
362,Big Bertha,Defense,TID_BUILDING_BIG_BERTHA,TID_BIG_BERTHA_INFO,TID_BIG_BERTHA_SUBTITLE,2,"141000,66000,17300",3850,2,2,0,7,0,0,12,,,,,boom_cannon_lvl1
363,Big Bertha,Defense,TID_BUILDING_BIG_BERTHA,TID_BIG_BERTHA_INFO,TID_BIG_BERTHA_SUBTITLE,3,"198000,119000,34000",4235,2,2,0,8,0,0,13,,,,,boom_cannon_lvl1
364,Big Bertha,Defense,TID_BUILDING_BIG_BERTHA,TID_BIG_BERTHA_INFO,TID_BIG_BERTHA_SUBTITLE,4,"255000,153000,44000",4659,2,2,0,10,0,0,13,,,,,boom_cannon_lvl1
365,Big Bertha,Defense,TID_BUILDING_BIG_BERTHA,TID_BIG_BERTHA_INFO,TID_BIG_BERTHA_SUBTITLE,5,"350000,308000,85000",5125,2,2,0,16,0,0,14,,,,,boom_cannon_lvl1
366,Big Bertha,Defense,TID_BUILDING_BIG_BERTHA,TID_BIG_BERTHA_INFO,TID_BIG_BERTHA_SUBTITLE,6,"610000,460000,168000",5638,2,2,0,20,0,0,15,,,,,boom_cannon_lvl1
367,Big Bertha,Defense,TID_BUILDING_BIG_BERTHA,TID_BIG_BERTHA_INFO,TID_BIG_BERTHA_SUBTITLE,7,"850000,760000,330000",6202,2,2,1,2,0,0,16,,,,,boom_cannon_lvl1
368,Big Bertha,Defense,TID_BUILDING_BIG_BERTHA,TID_BIG_BERTHA_INFO,TID_BIG_BERTHA_SUBTITLE,8,"950000,850000,370000",6822,2,2,1,6,0,0,16,,,,,boom_cannon_lvl1
369,Big Bertha,Defense,TID_BUILDING_BIG_BERTHA,TID_BIG_BERTHA_INFO,TID_BIG_BERTHA_SUBTITLE,9,"1350000,1110000,700000",7504,2,2,1,10,0,0,17,,,,,boom_cannon_lvl1
370,Big Bertha,Defense,TID_BUILDING_BIG_BERTHA,TID_BIG_BERTHA_INFO,TID_BIG_BERTHA_SUBTITLE,10,"1650000,1500000,990000",8254,2,2,1,12,0,0,18,,,,,boom_cannon_lvl1
371,Big Bertha,Defense,TID_BUILDING_BIG_BERTHA,TID_BIG_BERTHA_INFO,TID_BIG_BERTHA_SUBTITLE,11,"1810000,1650000,1080000",9079,2,2,1,14,0,0,18,,,,,boom_cannon_lvl1
372,Big Bertha,Defense,TID_BUILDING_BIG_BERTHA,TID_BIG_BERTHA_INFO,TID_BIG_BERTHA_SUBTITLE,12,"2040000,1980000,1560000",9987,2,2,1,16,0,0,19,,,,,boom_cannon_lvl1
373,Big Bertha,Defense,TID_BUILDING_BIG_BERTHA,TID_BIG_BERTHA_INFO,TID_BIG_BERTHA_SUBTITLE,13,"2260000,2270000,2260000",10986,2,2,1,22,0,0,20,,,,,boom_cannon_lvl1
374,Big Bertha,Defense,TID_BUILDING_BIG_BERTHA,TID_BIG_BERTHA_INFO,TID_BIG_BERTHA_SUBTITLE,14,"2470000,2470000,2460000",12085,2,2,2,2,0,0,20,,,,,boom_cannon_lvl1
375,Boss Machine Gun,Misc,TID_BUILDING_BOSS_MACHINE_GUN,TID_BOSS_MACHINE_GUN_INFO,TID_BOSS_MACHINE_GUN_SUBTITLE,1,0,12000,2,2,0,0,0,0,0,,,,,machine_gun_turret_lvl0
376,Boss Mortar,Misc,TID_BUILDING_BOSS_MORTAR,TID_BOSS_MORTAR_INFO,TID_BOSS_MORTAR_SUBTITLE,1,0,10000,2,2,0,0,0,0,0,,,,,mortar_lvl0
377,AI Bunker,Npc,TID_AI_BUNKER,TID_AI_BUNKER_INFO,TID_AI_BUNKER_SUBTITLE,1,"30,30,30",1500,2,2,,,5,0,1,,,,,npc_bunker_lvlx
378,Crates1,Npc,TID_AI_HUT,TID_AI_HUT_INFO,TID_AI_HUT_SUBTITLE,1,"30,30,30",320,2,2,,,5,0,1,,,,,npc_crates1
379,Crates2,Npc,TID_AI_HUT,TID_AI_HUT_INFO,TID_AI_HUT_SUBTITLE,2,"30,30,30",320,2,2,,,5,0,1,,,,,npc_crates2
380,Crates3,Npc,TID_AI_HUT,TID_AI_HUT_INFO,TID_AI_HUT_SUBTITLE,3,"30,30,30",320,2,2,,,5,0,1,,,,,npc_crates3
381,Crates4,Npc,TID_AI_HUT,TID_AI_HUT_INFO,TID_AI_HUT_SUBTITLE,4,"30,30,30",320,2,2,,,5,0,1,,,,,npc_crates4
382,Crates5,Npc,TID_AI_HUT,TID_AI_HUT_INFO,TID_AI_HUT_SUBTITLE,5,"30,30,30",320,2,2,,,5,0,1,,,,,npc_crates5
383,Dr Terror Tank,Npc,TID_TERROR_TANK,TID_AI_HUT_INFO,TID_AI_HUT_SUBTITLE,1,"30,30,30",320,2,2,,,5,0,1,,,,,drterror_tank
384,Dr Terror Hatch,Npc,TID_TERROR_HATCH,TID_AI_HUT_INFO,TID_AI_HUT_SUBTITLE,1,"30,30,30",320,2,2,,,5,0,1,,,,,drterror_hatch
385,Common Artifact,Artifact,TID_BUILDING_ARTIFACT1,TID_ARTIFACT1_INFO,TID_ARTIFACT1_SUBTITLE,1,"0,0,0,0,0",0,1,1,,,0,0,1,,,,,artifact_common_green
386,Rare Artifact,Artifact,TID_BUILDING_ARTIFACT2,TID_ARTIFACT1_INFO,TID_ARTIFACT1_SUBTITLE,1,"0,0,0,0,0",0,1,1,,,0,0,1,,,,,artifact_rare_green
387,Epic Artifact,Artifact,TID_BUILDING_ARTIFACT3,TID_ARTIFACT1_INFO,TID_ARTIFACT1_SUBTITLE,1,"0,0,0,0,0",0,1,1,,,0,0,1,,,,,artifact_epic_green
388,Common Artifact Ice,Artifact,TID_BUILDING_ARTIFACT1_ICE,TID_ARTIFACT1_INFO,TID_ARTIFACT1_SUBTITLE,1,"0,0,0,0,0",0,1,1,,,0,0,1,,,,,artifact_common_blue
389,Rare Artifact Ice,Artifact,TID_BUILDING_ARTIFACT2_ICE,TID_ARTIFACT1_INFO,TID_ARTIFACT1_SUBTITLE,1,"0,0,0,0,0",0,1,1,,,0,0,1,,,,,artifact_rare_blue
390,Epic Artifact Ice,Artifact,TID_BUILDING_ARTIFACT3_ICE,TID_ARTIFACT1_INFO,TID_ARTIFACT1_SUBTITLE,1,"0,0,0,0,0",0,1,1,,,0,0,1,,,,,artifact_epic_blue
391,Common Artifact Fire,Artifact,TID_BUILDING_ARTIFACT1_FIRE,TID_ARTIFACT1_INFO,TID_ARTIFACT1_SUBTITLE,1,"0,0,0,0,0",0,1,1,,,0,0,1,,,,,artifact_common_red
392,Rare Artifact Fire,Artifact,TID_BUILDING_ARTIFACT2_FIRE,TID_ARTIFACT1_INFO,TID_ARTIFACT1_SUBTITLE,1,"0,0,0,0,0",0,1,1,,,0,0,1,,,,,artifact_rare_red
393,Epic Artifact Fire,Artifact,TID_BUILDING_ARTIFACT3_FIRE,TID_ARTIFACT1_INFO,TID_ARTIFACT1_SUBTITLE,1,"0,0,0,0,0",0,1,1,,,0,0,1,,,,,artifact_epic_red
394,Common Artifact Dark,Artifact,TID_BUILDING_ARTIFACT1_DARK,TID_ARTIFACT1_INFO,TID_ARTIFACT1_SUBTITLE,1,"0,0,0,0,0",0,1,1,,,0,0,1,,,,,artifact_common_deepp
395,Rare Artifact Dark,Artifact,TID_BUILDING_ARTIFACT2_DARK,TID_ARTIFACT1_INFO,TID_ARTIFACT1_SUBTITLE,1,"0,0,0,0,0",0,1,1,,,0,0,1,,,,,artifact_rare_deepp
396,Epic Artifact Dark,Artifact,TID_BUILDING_ARTIFACT3_DARK,TID_ARTIFACT1_INFO,TID_ARTIFACT1_SUBTITLE,1,"0,0,0,0,0",0,1,1,,,0,0,1,,,,,artifact_epic_deepp